{
    "crops": {
        "RYE": {
            "is-winter-crop": false,
            "cropParams": {
                "species": ["include-from-file", "crops/species/Grass_Species4.json"],
                "cultivar": ["include-from-file", "crops/cultivars/Grass_CLV4.json"]
            },
            "residueParams": ["include-from-file", "crops/residues/grass-ley.json"]
        }
    },
    "fert-params": {
		"AN": ["include-from-file", "mineral-fertilisers/AN.json"]
	},
    "cropRotation": [
        {
            "worksteps": [
                {
                    "date": "2021-03-01",
                    "type": "Sowing",
                    "crop": ["ref", "crops", "RYE"]
                }
            ]
        },
        {
            "worksteps": [
                {
                    "date": "0000-06-15",
                    "type": "Cutting",
                    "organs": {
                        "Leaf": [
                            0.15,
                            "m2 m-2",
                            "left"
                        ],
                        "Shoot": [
                            100,
                            "kg ha-1",
                            "left"
                        ]
                    },
                    "export": {
                        "Leaf": [
                            100,
                            "%"
                        ],
                        "Shoot": [
                            100,
                            "%"
                        ],
                        "Fruit": [
                            0,
                            "%"
                        ]
                    }
                },
				{
					"type": "NDemandFertilization",
					"date": "0000-06-20",
					"N-demand": [20.0, "kg"],
					"depth": [0.3, "m"],
					"partition": ["include-from-file", "mineral-fertilisers/AN.json"]
				},
                {
                    "date": "0000-08-15",
                    "type": "Cutting",
                    "organs": {
                        "Leaf": [
                            0.4,
                            "m2 m-2",
                            "left"
                        ],
                        "Shoot": [
                            100,
                            "kg ha-1",
                            "left"
                        ]
                    },
                    "export": {
                        "Leaf": [
                            100,
                            "%"
                        ],
                        "Shoot": [
                            100,
                            "%"
                        ],
                        "Fruit": [
                            0,
                            "%"
                        ]
                    }
                },
                {
					"type": "NDemandFertilization",
					"date": "0000-08-20",
					"N-demand": [20.0, "kg"],
					"depth": [0.3, "m"],
					"partition": ["include-from-file", "mineral-fertilisers/AN.json"]
				},
                {
                    "date": "0000-10-15",
                    "type": "Cutting",
                    "organs": {
                        "Leaf": [
                            0.4,
                            "m2 m-2",
                            "left"
                        ],
                        "Shoot": [
                            100,
                            "kg ha-1",
                            "left"
                        ]
                    },
                    "export": {
                        "Leaf": [
                            100,
                            "%"
                        ],
                        "Shoot": [
                            100,
                            "%"
                        ],
                        "Fruit": [
                            0,
                            "%"
                        ]
                    }
                },
                {
					"type": "NDemandFertilization",
					"date": "0000-10-20",
					"N-demand": [20.0, "kg"],
					"depth": [0.3, "m"],
					"partition": ["include-from-file", "mineral-fertilisers/AN.json"]
				}
            ]
        }
    ],
    "alternative_way_to_sow_just_once_cropRotations": [
        {
            "start": "2021-01-01",
            "end": "2021-03-01",
            "cropRotation":[
                {
                    "worksteps": [
                        {
                            "date": "2021-03-01",
                            "type": "Sowing",
                            "crop": ["ref", "crops", "RYE"]
                        }
                    ]
                }
            ]
        },
        {
            "start": "2021-03-02",
            "end": "2042-12-31",
            "cropRotation": [
                {
                    "worksteps": [
                        {
                            "date": "0000-03-02",
                            "type": "SaveMonicaState_",
                            "runAtStartOfDay": true,
                            "path": "/home/berg/GitHub/IPP_grassland/grassmind_monica_coupling/state.json",
                            "toJson": true
                        },
                        {
                            "date": "0000-06-15",
                            "type": "Cutting",
                            "organs": {
                                "Leaf": [
                                    0.15,
                                    "m2 m-2",
                                    "left"
                                ],
                                "Shoot": [
                                    100,
                                    "kg ha-1",
                                    "left"
                                ]
                            },
                            "export": {
                                "Leaf": [
                                    100,
                                    "%"
                                ],
                                "Shoot": [
                                    100,
                                    "%"
                                ],
                                "Fruit": [
                                    0,
                                    "%"
                                ]
                            }
                        },
                        {
                            "type": "NDemandFertilization",
                            "date": "0000-06-20",
                            "N-demand": [20.0, "kg"],
                            "depth": [0.3, "m"],
                            "partition": ["include-from-file", "mineral-fertilisers/AN.json"]
                        },
                        {
                            "date": "0000-08-15",
                            "type": "Cutting",
                            "organs": {
                                "Leaf": [
                                    0.4,
                                    "m2 m-2",
                                    "left"
                                ],
                                "Shoot": [
                                    100,
                                    "kg ha-1",
                                    "left"
                                ]
                            },
                            "export": {
                                "Leaf": [
                                    100,
                                    "%"
                                ],
                                "Shoot": [
                                    100,
                                    "%"
                                ],
                                "Fruit": [
                                    0,
                                    "%"
                                ]
                            }
                        },
                        {
                            "type": "NDemandFertilization",
                            "date": "0000-08-20",
                            "N-demand": [20.0, "kg"],
                            "depth": [0.3, "m"],
                            "partition": ["include-from-file", "mineral-fertilisers/AN.json"]
                        },
                        {
                            "date": "0000-10-15",
                            "type": "Cutting",
                            "organs": {
                                "Leaf": [
                                    0.4,
                                    "m2 m-2",
                                    "left"
                                ],
                                "Shoot": [
                                    100,
                                    "kg ha-1",
                                    "left"
                                ]
                            },
                            "export": {
                                "Leaf": [
                                    100,
                                    "%"
                                ],
                                "Shoot": [
                                    100,
                                    "%"
                                ],
                                "Fruit": [
                                    0,
                                    "%"
                                ]
                            }
                        },
                        {
                            "type": "NDemandFertilization",
                            "date": "0000-10-20",
                            "N-demand": [20.0, "kg"],
                            "depth": [0.3, "m"],
                            "partition": ["include-from-file", "mineral-fertilisers/AN.json"]
                        }
                    ]
                }
            ]
        }
    ],
    "CropParameters": {
        "=": ["include-from-file", "general/crop.json"]
    }
}
