{
	"crop.json": "crop.json",
	"site.json": "site.json",
	"climate.csv": "daily_mean_RES1_C402R220.csv",

	"climate.csv-options": {
		"no-of-climate-file-header-lines": 1,
		"csv-separator": ",",
		"start-date": "2021-01-01",
		"end-date": "2042-12-31"
	},

	"debug?": false,
	"path-to-output": ".",
	"include-file-base-path": "params/",
	
	"output": { 
	  "write-file?": true,
		"file-name": "out.csv",
		"csv-options": {
			"include-header-row": true,
			"include-units-row": false,
			"csv-separator": ","
		},

		"obj-outputs?": true,

		"events": [
			"daily", [
				"Date",
				"Stage",
				"Height",
				["OrgBiom|RootBiom", "Root"],
				["OrgBiom|LeafBiom", "Leaf"],
				["OrgBiom|ShootBiom", "Shoot"],
				["OrgBiom|FruitBiom", "Fruit"],
				"AbBiom",
				["AOMf|avg_AOMf_1-4", [1, 4, "AVG"]],
				["AOMs|avg_AOMs_1-4", [1, 4, "AVG"]],
				"TraDef",
				"NDef",
				["SOC|sum_SOC_1-4", [1, 4, "SUM"]],
				["Mois|sum_SM_1-5", [1, 5, "SUM"]],
				"N2O",
				"NLeach",
				"ET0",
				"Pot_ET"
			]
		]
	},

	"NumberOfLayers": 20,
	"LayerThickness": [0.1, "m"],

	"UseSecondaryYields": false,
	"NitrogenResponseOn": true,
	"WaterDeficitResponseOn": true,
	"EmergenceMoistureControlOn": false,
	"EmergenceFloodingControlOn": false,

	"UseAutomaticIrrigation": false,
	"AutoIrrigationParams": {
		"irrigationParameters": {
			"nitrateConcentration": [0, "mg dm-3"],
			"sulfateConcentration": [0, "mg dm-3"]
		},
		"amount": [0, "mm"],
		"threshold": 0.9
	},

	"UseNMinMineralFertilisingMethod": true,
	"NMinUserParams": { "min": 40, "max": 120, "delayInDays": 10 },
	"NMinFertiliserPartition": ["include-from-file", "mineral-fertilisers/AN.json"],
	"JulianDayAutomaticFertilising": 89
}
