{"list": [
  {"soilType": "Su3", "distance": 1, "rate": 0.0054999999701976776},
  {"soilType": "Sl3", "distance": 1, "rate": 0.0054999999701976776},
  {"soilType": "Sl2", "distance": 1, "rate": 0.0054999999701976776},
  {"soilType": "Su4", "distance": 1, "rate": 0.0054999999701976776},
  {"soilType": "Su2", "distance": 1, "rate": 0.0054999999701976776},
  {"soilType": "Sl4", "distance": 1, "rate": 0.0054999999701976776},
  {"soilType": "Slu", "distance": 1, "rate": 0.0054999999701976776},
  {"soilType": "St2", "distance": 1, "rate": 0.0054999999701976776},
  {"soilType": "St3", "distance": 1, "rate": 0.0054999999701976776},
  {"soilType": "fS", "distance": 1, "rate": 0.0054999999701976776},
  {"soilType": "gS", "distance": 1, "rate": 0.0054999999701976776},
  {"soilType": "mS", "distance": 1, "rate": 0.0054999999701976776},
  {"soilType": "Ss", "distance": 1, "rate": 0.0054999999701976776},
  {"soilType": "Us", "distance": 1, "rate": 0.0054999999701976776},
  {"soilType": "Uu", "distance": 1, "rate": 0.0054999999701976776},
  {"soilType": "Uls", "distance": 1, "rate": 0.0054999999701976776},
  {"soilType": "Ut2", "distance": 1, "rate": 0.0054999999701976776},
  {"soilType": "Ut3", "distance": 1, "rate": 0.0054999999701976776},
  {"soilType": "Ut4", "distance": 1, "rate": 0.0054999999701976776},
  {"soilType": "Ls2", "distance": 1, "rate": 0.0054999999701976776},
  {"soilType": "Ls3", "distance": 1, "rate": 0.0054999999701976776},
  {"soilType": "Ls4", "distance": 1, "rate": 0.0054999999701976776},
  {"soilType": "Lt2", "distance": 1, "rate": 0.0054999999701976776},
  {"soilType": "Lt3", "distance": 1, "rate": 0.0054999999701976776},
  {"soilType": "Lu", "distance": 1, "rate": 0.0054999999701976776},
  {"soilType": "Lts", "distance": 1, "rate": 0.0054999999701976776},
  {"soilType": "Tt", "distance": 1, "rate": 0.0054999999701976776},
  {"soilType": "Tl", "distance": 1, "rate": 0.0054999999701976776},
  {"soilType": "Tu2", "distance": 1, "rate": 0.0054999999701976776},
  {"soilType": "Tu3", "distance": 1, "rate": 0.0054999999701976776},
  {"soilType": "Tu4", "distance": 1, "rate": 0.0054999999701976776},
  {"soilType": "Ts2", "distance": 1, "rate": 0.0054999999701976776},
  {"soilType": "Ts3", "distance": 1, "rate": 0.0054999999701976776},
  {"soilType": "Ts4", "distance": 1, "rate": 0.0054999999701976776},
  {"soilType": "Su2", "distance": 2, "rate": 0.0054999999701976776},
  {"soilType": "Su3", "distance": 2, "rate": 0.0054999999701976776},
  {"soilType": "Su4", "distance": 2, "rate": 0.0054999999701976776},
  {"soilType": "Sl2", "distance": 2, "rate": 0.0054999999701976776},
  {"soilType": "Sl3", "distance": 2, "rate": 0.0054999999701976776},
  {"soilType": "Sl4", "distance": 2, "rate": 0.0054999999701976776},
  {"soilType": "Slu", "distance": 2, "rate": 0.0054999999701976776},
  {"soilType": "St2", "distance": 2, "rate": 0.0054999999701976776},
  {"soilType": "St3", "distance": 2, "rate": 0.0054999999701976776},
  {"soilType": "fS", "distance": 2, "rate": 0.0054999999701976776},
  {"soilType": "gS", "distance": 2, "rate": 0.004999999888241291},
  {"soilType": "mS", "distance": 2, "rate": 0.0054999999701976776},
  {"soilType": "Ss", "distance": 2, "rate": 0.0054999999701976776},
  {"soilType": "Us", "distance": 2, "rate": 0.0054999999701976776},
  {"soilType": "Uu", "distance": 2, "rate": 0.0054999999701976776},
  {"soilType": "Uls", "distance": 2, "rate": 0.0054999999701976776},
  {"soilType": "Ut2", "distance": 2, "rate": 0.0054999999701976776},
  {"soilType": "Ut3", "distance": 2, "rate": 0.0054999999701976776},
  {"soilType": "Ut4", "distance": 2, "rate": 0.0054999999701976776},
  {"soilType": "Ls2", "distance": 2, "rate": 0.0054999999701976776},
  {"soilType": "Ls3", "distance": 2, "rate": 0.0054999999701976776},
  {"soilType": "Ls4", "distance": 2, "rate": 0.0054999999701976776},
  {"soilType": "Lt2", "distance": 2, "rate": 0.0054999999701976776},
  {"soilType": "Lt3", "distance": 2, "rate": 0.0054999999701976776},
  {"soilType": "Lu", "distance": 2, "rate": 0.0054999999701976776},
  {"soilType": "Lts", "distance": 2, "rate": 0.0054999999701976776},
  {"soilType": "Tt", "distance": 2, "rate": 0.004999999888241291},
  {"soilType": "Tl", "distance": 2, "rate": 0.004999999888241291},
  {"soilType": "Tu2", "distance": 2, "rate": 0.004999999888241291},
  {"soilType": "Tu3", "distance": 2, "rate": 0.0054999999701976776},
  {"soilType": "Tu4", "distance": 2, "rate": 0.0054999999701976776},
  {"soilType": "Ts2", "distance": 2, "rate": 0.0054999999701976776},
  {"soilType": "Ts3", "distance": 2, "rate": 0.0054999999701976776},
  {"soilType": "Ts4", "distance": 2, "rate": 0.0054999999701976776},
  {"soilType": "Su2", "distance": 3, "rate": 0.0054999999701976776},
  {"soilType": "Su3", "distance": 3, "rate": 0.0054999999701976776},
  {"soilType": "Su4", "distance": 3, "rate": 0.0054999999701976776},
  {"soilType": "Sl2", "distance": 3, "rate": 0.004999999888241291},
  {"soilType": "Sl3", "distance": 3, "rate": 0.0054999999701976776},
  {"soilType": "Sl4", "distance": 3, "rate": 0.0054999999701976776},
  {"soilType": "Slu", "distance": 3, "rate": 0.0054999999701976776},
  {"soilType": "St2", "distance": 3, "rate": 0.004999999888241291},
  {"soilType": "St3", "distance": 3, "rate": 0.004999999888241291},
  {"soilType": "fS", "distance": 3, "rate": 0.0054999999701976776},
  {"soilType": "gS", "distance": 3, "rate": 0.00139999995008111},
  {"soilType": "mS", "distance": 3, "rate": 0.004999999888241291},
  {"soilType": "Ss", "distance": 3, "rate": 0.004999999888241291},
  {"soilType": "Us", "distance": 3, "rate": 0.0054999999701976776},
  {"soilType": "Uu", "distance": 3, "rate": 0.0054999999701976776},
  {"soilType": "Uls", "distance": 3, "rate": 0.0054999999701976776},
  {"soilType": "Ut2", "distance": 3, "rate": 0.0054999999701976776},
  {"soilType": "Ut3", "distance": 3, "rate": 0.0054999999701976776},
  {"soilType": "Ut4", "distance": 3, "rate": 0.0054999999701976776},
  {"soilType": "Ls2", "distance": 3, "rate": 0.0054999999701976776},
  {"soilType": "Ls3", "distance": 3, "rate": 0.0054999999701976776},
  {"soilType": "Ls4", "distance": 3, "rate": 0.0054999999701976776},
  {"soilType": "Lt2", "distance": 3, "rate": 0.0054999999701976776},
  {"soilType": "Lt3", "distance": 3, "rate": 0.0054999999701976776},
  {"soilType": "Lu", "distance": 3, "rate": 0.0054999999701976776},
  {"soilType": "Lts", "distance": 3, "rate": 0.0054999999701976776},
  {"soilType": "Tt", "distance": 3, "rate": 0.0020000000949949026},
  {"soilType": "Tl", "distance": 3, "rate": 0.0026000000070780516},
  {"soilType": "Tu2", "distance": 3, "rate": 0.0026000000070780516},
  {"soilType": "Tu3", "distance": 3, "rate": 0.004999999888241291},
  {"soilType": "Tu4", "distance": 3, "rate": 0.0054999999701976776},
  {"soilType": "Ts2", "distance": 3, "rate": 0.004999999888241291},
  {"soilType": "Ts3", "distance": 3, "rate": 0.004999999888241291},
  {"soilType": "Ts4", "distance": 3, "rate": 0.004999999888241291},
  {"soilType": "Su2", "distance": 4, "rate": 0.0054999999701976776},
  {"soilType": "Su3", "distance": 4, "rate": 0.0054999999701976776},
  {"soilType": "Su4", "distance": 4, "rate": 0.0054999999701976776},
  {"soilType": "Sl2", "distance": 4, "rate": 0.0026000000070780516},
  {"soilType": "Sl3", "distance": 4, "rate": 0.004999999888241291},
  {"soilType": "Sl4", "distance": 4, "rate": 0.004999999888241291},
  {"soilType": "Slu", "distance": 4, "rate": 0.0054999999701976776},
  {"soilType": "St2", "distance": 4, "rate": 0.002899999963119626},
  {"soilType": "St3", "distance": 4, "rate": 0.002899999963119626},
  {"soilType": "fS", "distance": 4, "rate": 0.0054999999701976776},
  {"soilType": "gS", "distance": 4, "rate": 0.00050000002374872565},
  {"soilType": "mS", "distance": 4, "rate": 0.0015999999595806003},
  {"soilType": "Ss", "distance": 4, "rate": 0.0015999999595806003},
  {"soilType": "Us", "distance": 4, "rate": 0.0054999999701976776},
  {"soilType": "Uu", "distance": 4, "rate": 0.0054999999701976776},
  {"soilType": "Uls", "distance": 4, "rate": 0.0054999999701976776},
  {"soilType": "Ut2", "distance": 4, "rate": 0.0054999999701976776},
  {"soilType": "Ut3", "distance": 4, "rate": 0.0054999999701976776},
  {"soilType": "Ut4", "distance": 4, "rate": 0.0054999999701976776},
  {"soilType": "Ls2", "distance": 4, "rate": 0.0054999999701976776},
  {"soilType": "Ls3", "distance": 4, "rate": 0.0054999999701976776},
  {"soilType": "Ls4", "distance": 4, "rate": 0.0054999999701976776},
  {"soilType": "Lt2", "distance": 4, "rate": 0.0054999999701976776},
  {"soilType": "Lt3", "distance": 4, "rate": 0.0054999999701976776},
  {"soilType": "Lu", "distance": 4, "rate": 0.0054999999701976776},
  {"soilType": "Lts", "distance": 4, "rate": 0.0054999999701976776},
  {"soilType": "Tt", "distance": 4, "rate": 0.0010000000474974513},
  {"soilType": "Tl", "distance": 4, "rate": 0.0013000000035390258},
  {"soilType": "Tu2", "distance": 4, "rate": 0.0013000000035390258},
  {"soilType": "Tu3", "distance": 4, "rate": 0.0024000001139938831},
  {"soilType": "Tu4", "distance": 4, "rate": 0.004999999888241291},
  {"soilType": "Ts2", "distance": 4, "rate": 0.0020000000949949026},
  {"soilType": "Ts3", "distance": 4, "rate": 0.002899999963119626},
  {"soilType": "Ts4", "distance": 4, "rate": 0.002899999963119626},
  {"soilType": "Su2", "distance": 5, "rate": 0.004999999888241291},
  {"soilType": "Su3", "distance": 5, "rate": 0.0054999999701976776},
  {"soilType": "Su4", "distance": 5, "rate": 0.0054999999701976776},
  {"soilType": "Sl2", "distance": 5, "rate": 0.0013000000035390258},
  {"soilType": "Sl3", "distance": 5, "rate": 0.0024999999441206455},
  {"soilType": "Sl4", "distance": 5, "rate": 0.003599999938160181},
  {"soilType": "Slu", "distance": 5, "rate": 0.004999999888241291},
  {"soilType": "St2", "distance": 5, "rate": 0.0017999999690800905},
  {"soilType": "St3", "distance": 5, "rate": 0.0017999999690800905},
  {"soilType": "fS", "distance": 5, "rate": 0.004999999888241291},
  {"soilType": "gS", "distance": 5, "rate": 0.00019999999494757503},
  {"soilType": "mS", "distance": 5, "rate": 0.00089999998454004526},
  {"soilType": "Ss", "distance": 5, "rate": 0.00089999998454004526},
  {"soilType": "Us", "distance": 5, "rate": 0.0054999999701976776},
  {"soilType": "Uu", "distance": 5, "rate": 0.0054999999701976776},
  {"soilType": "Uls", "distance": 5, "rate": 0.0054999999701976776},
  {"soilType": "Ut2", "distance": 5, "rate": 0.0054999999701976776},
  {"soilType": "Ut3", "distance": 5, "rate": 0.0054999999701976776},
  {"soilType": "Ut4", "distance": 5, "rate": 0.0054999999701976776},
  {"soilType": "Ls2", "distance": 5, "rate": 0.0054999999701976776},
  {"soilType": "Ls3", "distance": 5, "rate": 0.0054999999701976776},
  {"soilType": "Ls4", "distance": 5, "rate": 0.0054999999701976776},
  {"soilType": "Lt2", "distance": 5, "rate": 0.004999999888241291},
  {"soilType": "Lt3", "distance": 5, "rate": 0.004999999888241291},
  {"soilType": "Lu", "distance": 5, "rate": 0.0054999999701976776},
  {"soilType": "Lts", "distance": 5, "rate": 0.00050000002374872565},
  {"soilType": "Tt", "distance": 5, "rate": 0.00060000002849847078},
  {"soilType": "Tl", "distance": 5, "rate": 0.00079999997979030013},
  {"soilType": "Tu2", "distance": 5, "rate": 0.00079999997979030013},
  {"soilType": "Tu3", "distance": 5, "rate": 0.00139999995008111},
  {"soilType": "Tu4", "distance": 5, "rate": 0.0024000001139938831},
  {"soilType": "Ts2", "distance": 5, "rate": 0.0012000000569969416},
  {"soilType": "Ts3", "distance": 5, "rate": 0.0017999999690800905},
  {"soilType": "Ts4", "distance": 5, "rate": 0.0017999999690800905},
  {"soilType": "Su2", "distance": 6, "rate": 0.0030000000260770321},
  {"soilType": "Su3", "distance": 6, "rate": 0.004999999888241291},
  {"soilType": "Su4", "distance": 6, "rate": 0.0054999999701976776},
  {"soilType": "Sl2", "distance": 6, "rate": 0.00079999997979030013},
  {"soilType": "Sl3", "distance": 6, "rate": 0.0015999999595806003},
  {"soilType": "Sl4", "distance": 6, "rate": 0.0024000001139938831},
  {"soilType": "Slu", "distance": 6, "rate": 0.003599999938160181},
  {"soilType": "St2", "distance": 6, "rate": 0.0010999999940395355},
  {"soilType": "St3", "distance": 6, "rate": 0.0010999999940395355},
  {"soilType": "fS", "distance": 6, "rate": 0.0032999999821186066},
  {"soilType": "gS", "distance": 6, "rate": 9.9999997473787516e-5},
  {"soilType": "mS", "distance": 6, "rate": 0.00050000002374872565},
  {"soilType": "Ss", "distance": 6, "rate": 0.00050000002374872565},
  {"soilType": "Us", "distance": 6, "rate": 0.0054999999701976776},
  {"soilType": "Uu", "distance": 6, "rate": 0.0054999999701976776},
  {"soilType": "Uls", "distance": 6, "rate": 0.0054999999701976776},
  {"soilType": "Ut2", "distance": 6, "rate": 0.0054999999701976776},
  {"soilType": "Ut3", "distance": 6, "rate": 0.0054999999701976776},
  {"soilType": "Ut4", "distance": 6, "rate": 0.0054999999701976776},
  {"soilType": "Ls2", "distance": 6, "rate": 0.0054999999701976776},
  {"soilType": "Ls3", "distance": 6, "rate": 0.004999999888241291},
  {"soilType": "Ls4", "distance": 6, "rate": 0.003599999938160181},
  {"soilType": "Lt2", "distance": 6, "rate": 0.0038000000640749931},
  {"soilType": "Lt3", "distance": 6, "rate": 0.0034000000450760126},
  {"soilType": "Lu", "distance": 6, "rate": 0.004999999888241291},
  {"soilType": "Lts", "distance": 6, "rate": 0.0031999999191612005},
  {"soilType": "Tt", "distance": 6, "rate": 0.00039999998989515007},
  {"soilType": "Tl", "distance": 6, "rate": 0.00050000002374872565},
  {"soilType": "Tu2", "distance": 6, "rate": 0.00050000002374872565},
  {"soilType": "Tu3", "distance": 6, "rate": 0.00089999998454004526},
  {"soilType": "Tu4", "distance": 6, "rate": 0.0015999999595806003},
  {"soilType": "Ts2", "distance": 6, "rate": 0.00079999997979030013},
  {"soilType": "Ts3", "distance": 6, "rate": 0.0010999999940395355},
  {"soilType": "Ts4", "distance": 6, "rate": 0.0010999999940395355},
  {"soilType": "Su2", "distance": 7, "rate": 0.002199999988079071},
  {"soilType": "Su3", "distance": 7, "rate": 0.0035000001080334187},
  {"soilType": "Su4", "distance": 7, "rate": 0.004999999888241291},
  {"soilType": "Sl2", "distance": 7, "rate": 0.00050000002374872565},
  {"soilType": "Sl3", "distance": 7, "rate": 0.0010999999940395355},
  {"soilType": "Sl4", "distance": 7, "rate": 0.0015999999595806003},
  {"soilType": "Slu", "distance": 7, "rate": 0.0026000000070780516},
  {"soilType": "St2", "distance": 7, "rate": 0.000699999975040555},
  {"soilType": "St3", "distance": 7, "rate": 0.000699999975040555},
  {"soilType": "fS", "distance": 7, "rate": 0.002199999988079071},
  {"soilType": "gS", "distance": 7, "rate": 0},
  {"soilType": "mS", "distance": 7, "rate": 0.00030000001424923539},
  {"soilType": "Ss", "distance": 7, "rate": 0.00030000001424923539},
  {"soilType": "Us", "distance": 7, "rate": 0.004999999888241291},
  {"soilType": "Uu", "distance": 7, "rate": 0.0054999999701976776},
  {"soilType": "Uls", "distance": 7, "rate": 0.0054999999701976776},
  {"soilType": "Ut2", "distance": 7, "rate": 0.0054999999701976776},
  {"soilType": "Ut3", "distance": 7, "rate": 0.0054999999701976776},
  {"soilType": "Ut4", "distance": 7, "rate": 0.004999999888241291},
  {"soilType": "Ls2", "distance": 7, "rate": 0.0040000001899898052},
  {"soilType": "Ls3", "distance": 7, "rate": 0.0032999999821186066},
  {"soilType": "Ls4", "distance": 7, "rate": 0.0026000000070780516},
  {"soilType": "Lt2", "distance": 7, "rate": 0.00279999990016222},
  {"soilType": "Lt3", "distance": 7, "rate": 0.0026000000070780516},
  {"soilType": "Lu", "distance": 7, "rate": 0.0040000001899898052},
  {"soilType": "Lts", "distance": 7, "rate": 0.002199999988079071},
  {"soilType": "Tt", "distance": 7, "rate": 0.00030000001424923539},
  {"soilType": "Tl", "distance": 7, "rate": 0.00039999998989515007},
  {"soilType": "Tu2", "distance": 7, "rate": 0.00039999998989515007},
  {"soilType": "Tu3", "distance": 7, "rate": 0.000699999975040555},
  {"soilType": "Tu4", "distance": 7, "rate": 0.0012000000569969416},
  {"soilType": "Ts2", "distance": 7, "rate": 0.00050000002374872565},
  {"soilType": "Ts3", "distance": 7, "rate": 0.000699999975040555},
  {"soilType": "Ts4", "distance": 7, "rate": 0.000699999975040555},
  {"soilType": "Su2", "distance": 8, "rate": 0.0017000000225380063},
  {"soilType": "Su3", "distance": 8, "rate": 0.00279999990016222},
  {"soilType": "Su4", "distance": 8, "rate": 0.0038999998942017555},
  {"soilType": "Sl2", "distance": 8, "rate": 0.00030000001424923539},
  {"soilType": "Sl3", "distance": 8, "rate": 0.000699999975040555},
  {"soilType": "Sl4", "distance": 8, "rate": 0.0012000000569969416},
  {"soilType": "Slu", "distance": 8, "rate": 0.0019000000320374966},
  {"soilType": "St2", "distance": 8, "rate": 0.00050000002374872565},
  {"soilType": "St3", "distance": 8, "rate": 0.00050000002374872565},
  {"soilType": "fS", "distance": 8, "rate": 0.00139999995008111},
  {"soilType": "gS", "distance": 8, "rate": 0},
  {"soilType": "mS", "distance": 8, "rate": 0.00019999999494757503},
  {"soilType": "Ss", "distance": 8, "rate": 0.00019999999494757503},
  {"soilType": "Us", "distance": 8, "rate": 0.0041000000201165676},
  {"soilType": "Uu", "distance": 8, "rate": 0.0054999999701976776},
  {"soilType": "Uls", "distance": 8, "rate": 0.0054999999701976776},
  {"soilType": "Ut2", "distance": 8, "rate": 0.004999999888241291},
  {"soilType": "Ut3", "distance": 8, "rate": 0.004999999888241291},
  {"soilType": "Ut4", "distance": 8, "rate": 0.003599999938160181},
  {"soilType": "Ls2", "distance": 8, "rate": 0.0030000000260770321},
  {"soilType": "Ls3", "distance": 8, "rate": 0.0024999999441206455},
  {"soilType": "Ls4", "distance": 8, "rate": 0.0020000000949949026},
  {"soilType": "Lt2", "distance": 8, "rate": 0.002199999988079071},
  {"soilType": "Lt3", "distance": 8, "rate": 0.0019000000320374966},
  {"soilType": "Lu", "distance": 8, "rate": 0.0031000000890344381},
  {"soilType": "Lts", "distance": 8, "rate": 0.0015999999595806003},
  {"soilType": "Tt", "distance": 8, "rate": 0.00019999999494757503},
  {"soilType": "Tl", "distance": 8, "rate": 0.00030000001424923539},
  {"soilType": "Tu2", "distance": 8, "rate": 0.00030000001424923539},
  {"soilType": "Tu3", "distance": 8, "rate": 0.00050000002374872565},
  {"soilType": "Tu4", "distance": 8, "rate": 0.00079999997979030013},
  {"soilType": "Ts2", "distance": 8, "rate": 0.00039999998989515007},
  {"soilType": "Ts3", "distance": 8, "rate": 0.00050000002374872565},
  {"soilType": "Ts4", "distance": 8, "rate": 0.00050000002374872565},
  {"soilType": "Su2", "distance": 9, "rate": 0.0012000000569969416},
  {"soilType": "Su3", "distance": 9, "rate": 0.002199999988079071},
  {"soilType": "Su4", "distance": 9, "rate": 0.002899999963119626},
  {"soilType": "Sl2", "distance": 9, "rate": 0.00019999999494757503},
  {"soilType": "Sl3", "distance": 9, "rate": 0.00050000002374872565},
  {"soilType": "Sl4", "distance": 9, "rate": 0.00079999997979030013},
  {"soilType": "Slu", "distance": 9, "rate": 0.001500000013038516},
  {"soilType": "St2", "distance": 9, "rate": 0.00039999998989515007},
  {"soilType": "St3", "distance": 9, "rate": 0.00039999998989515007},
  {"soilType": "fS", "distance": 9, "rate": 0.00089999998454004526},
  {"soilType": "gS", "distance": 9, "rate": 0},
  {"soilType": "mS", "distance": 9, "rate": 9.9999997473787516e-5},
  {"soilType": "Ss", "distance": 9, "rate": 9.9999997473787516e-5},
  {"soilType": "Us", "distance": 9, "rate": 0.0032999999821186066},
  {"soilType": "Uu", "distance": 9, "rate": 0.0054999999701976776},
  {"soilType": "Uls", "distance": 9, "rate": 0.004999999888241291},
  {"soilType": "Ut2", "distance": 9, "rate": 0.0035000001080334187},
  {"soilType": "Ut3", "distance": 9, "rate": 0.0035000001080334187},
  {"soilType": "Ut4", "distance": 9, "rate": 0.00279999990016222},
  {"soilType": "Ls2", "distance": 9, "rate": 0.002199999988079071},
  {"soilType": "Ls3", "distance": 9, "rate": 0.0020000000949949026},
  {"soilType": "Ls4", "distance": 9, "rate": 0.001500000013038516},
  {"soilType": "Lt2", "distance": 9, "rate": 0.0017000000225380063},
  {"soilType": "Lt3", "distance": 9, "rate": 0.001500000013038516},
  {"soilType": "Lu", "distance": 9, "rate": 0.0024000001139938831},
  {"soilType": "Lts", "distance": 9, "rate": 0.0012000000569969416},
  {"soilType": "Tt", "distance": 9, "rate": 0.00019999999494757503},
  {"soilType": "Tl", "distance": 9, "rate": 0.00019999999494757503},
  {"soilType": "Tu2", "distance": 9, "rate": 0.00019999999494757503},
  {"soilType": "Tu3", "distance": 9, "rate": 0.00039999998989515007},
  {"soilType": "Tu4", "distance": 9, "rate": 0.00060000002849847078},
  {"soilType": "Ts2", "distance": 9, "rate": 0.00030000001424923539},
  {"soilType": "Ts3", "distance": 9, "rate": 0.00039999998989515007},
  {"soilType": "Ts4", "distance": 9, "rate": 0.00039999998989515007},
  {"soilType": "Su2", "distance": 10, "rate": 0.0010000000474974513},
  {"soilType": "Su3", "distance": 10, "rate": 0.0017000000225380063},
  {"soilType": "Su4", "distance": 10, "rate": 0.0023000000510364771},
  {"soilType": "Sl2", "distance": 10, "rate": 9.9999997473787516e-5},
  {"soilType": "Sl3", "distance": 10, "rate": 0.00030000001424923539},
  {"soilType": "Sl4", "distance": 10, "rate": 0.00060000002849847078},
  {"soilType": "Slu", "distance": 10, "rate": 0.0010999999940395355},
  {"soilType": "St2", "distance": 10, "rate": 0.00030000001424923539},
  {"soilType": "St3", "distance": 10, "rate": 0.00030000001424923539},
  {"soilType": "fS", "distance": 10, "rate": 0.00050000002374872565},
  {"soilType": "gS", "distance": 10, "rate": 0},
  {"soilType": "mS", "distance": 10, "rate": 0},
  {"soilType": "Ss", "distance": 10, "rate": 0},
  {"soilType": "Us", "distance": 10, "rate": 0.0027000000700354576},
  {"soilType": "Uu", "distance": 10, "rate": 0.004999999888241291},
  {"soilType": "Uls", "distance": 10, "rate": 0.0043999999761581421},
  {"soilType": "Ut2", "distance": 10, "rate": 0.00279999990016222},
  {"soilType": "Ut3", "distance": 10, "rate": 0.00279999990016222},
  {"soilType": "Ut4", "distance": 10, "rate": 0.002199999988079071},
  {"soilType": "Ls2", "distance": 10, "rate": 0.0017000000225380063},
  {"soilType": "Ls3", "distance": 10, "rate": 0.001500000013038516},
  {"soilType": "Ls4", "distance": 10, "rate": 0.0012000000569969416},
  {"soilType": "Lt2", "distance": 10, "rate": 0.0013000000035390258},
  {"soilType": "Lt3", "distance": 10, "rate": 0.0012000000569969416},
  {"soilType": "Lu", "distance": 10, "rate": 0.0019000000320374966},
  {"soilType": "Lts", "distance": 10, "rate": 0.00089999998454004526},
  {"soilType": "Tt", "distance": 10, "rate": 9.9999997473787516e-5},
  {"soilType": "Tl", "distance": 10, "rate": 9.9999997473787516e-5},
  {"soilType": "Tu2", "distance": 10, "rate": 9.9999997473787516e-5},
  {"soilType": "Tu3", "distance": 10, "rate": 0.00030000001424923539},
  {"soilType": "Tu4", "distance": 10, "rate": 0.00050000002374872565},
  {"soilType": "Ts2", "distance": 10, "rate": 0.00019999999494757503},
  {"soilType": "Ts3", "distance": 10, "rate": 0.00030000001424923539},
  {"soilType": "Ts4", "distance": 10, "rate": 0.00030000001424923539},
  {"soilType": "Su2", "distance": 11, "rate": 0.00079999997979030013},
  {"soilType": "Su3", "distance": 11, "rate": 0.00139999995008111},
  {"soilType": "Su4", "distance": 11, "rate": 0.0017999999690800905},
  {"soilType": "Sl2", "distance": 11, "rate": 0},
  {"soilType": "Sl3", "distance": 11, "rate": 0.00019999999494757503},
  {"soilType": "Sl4", "distance": 11, "rate": 0.00039999998989515007},
  {"soilType": "Slu", "distance": 11, "rate": 0.00089999998454004526},
  {"soilType": "St2", "distance": 11, "rate": 0.00019999999494757503},
  {"soilType": "St3", "distance": 11, "rate": 0.00019999999494757503},
  {"soilType": "fS", "distance": 11, "rate": 0.00030000001424923539},
  {"soilType": "gS", "distance": 11, "rate": 0},
  {"soilType": "mS", "distance": 11, "rate": 0},
  {"soilType": "Ss", "distance": 11, "rate": 0},
  {"soilType": "Us", "distance": 11, "rate": 0.002199999988079071},
  {"soilType": "Uu", "distance": 11, "rate": 0.0040000001899898052},
  {"soilType": "Uls", "distance": 11, "rate": 0.003599999938160181},
  {"soilType": "Ut2", "distance": 11, "rate": 0.0023000000510364771},
  {"soilType": "Ut3", "distance": 11, "rate": 0.002199999988079071},
  {"soilType": "Ut4", "distance": 11, "rate": 0.0017999999690800905},
  {"soilType": "Ls2", "distance": 11, "rate": 0.0013000000035390258},
  {"soilType": "Ls3", "distance": 11, "rate": 0.0012000000569969416},
  {"soilType": "Ls4", "distance": 11, "rate": 0.00089999998454004526},
  {"soilType": "Lt2", "distance": 11, "rate": 0.0010999999940395355},
  {"soilType": "Lt3", "distance": 11, "rate": 0.0010000000474974513},
  {"soilType": "Lu", "distance": 11, "rate": 0.001500000013038516},
  {"soilType": "Lts", "distance": 11, "rate": 0.000699999975040555},
  {"soilType": "Tt", "distance": 11, "rate": 0},
  {"soilType": "Tl", "distance": 11, "rate": 0},
  {"soilType": "Tu2", "distance": 11, "rate": 0},
  {"soilType": "Tu3", "distance": 11, "rate": 0.00030000001424923539},
  {"soilType": "Tu4", "distance": 11, "rate": 0.00039999998989515007},
  {"soilType": "Ts2", "distance": 11, "rate": 0.00019999999494757503},
  {"soilType": "Ts3", "distance": 11, "rate": 0.00019999999494757503},
  {"soilType": "Ts4", "distance": 11, "rate": 0.00019999999494757503},
  {"soilType": "Su2", "distance": 12, "rate": 0.00060000002849847078},
  {"soilType": "Su3", "distance": 12, "rate": 0.0012000000569969416},
  {"soilType": "Su4", "distance": 12, "rate": 0.001500000013038516},
  {"soilType": "Sl2", "distance": 12, "rate": 0},
  {"soilType": "Sl3", "distance": 12, "rate": 9.9999997473787516e-5},
  {"soilType": "Sl4", "distance": 12, "rate": 0.00030000001424923539},
  {"soilType": "Slu", "distance": 12, "rate": 0.000699999975040555},
  {"soilType": "St2", "distance": 12, "rate": 9.9999997473787516e-5},
  {"soilType": "St3", "distance": 12, "rate": 9.9999997473787516e-5},
  {"soilType": "fS", "distance": 12, "rate": 0.00019999999494757503},
  {"soilType": "gS", "distance": 12, "rate": 0},
  {"soilType": "mS", "distance": 12, "rate": 0},
  {"soilType": "Ss", "distance": 12, "rate": 0},
  {"soilType": "Us", "distance": 12, "rate": 0.0017999999690800905},
  {"soilType": "Uu", "distance": 12, "rate": 0.0032999999821186066},
  {"soilType": "Uls", "distance": 12, "rate": 0.0030000000260770321},
  {"soilType": "Ut2", "distance": 12, "rate": 0.0019000000320374966},
  {"soilType": "Ut3", "distance": 12, "rate": 0.0017999999690800905},
  {"soilType": "Ut4", "distance": 12, "rate": 0.001500000013038516},
  {"soilType": "Ls2", "distance": 12, "rate": 0.00089999998454004526},
  {"soilType": "Ls3", "distance": 12, "rate": 0.0010000000474974513},
  {"soilType": "Ls4", "distance": 12, "rate": 0.000699999975040555},
  {"soilType": "Lt2", "distance": 12, "rate": 0.00089999998454004526},
  {"soilType": "Lt3", "distance": 12, "rate": 0.00079999997979030013},
  {"soilType": "Lu", "distance": 12, "rate": 0.0012000000569969416},
  {"soilType": "Lts", "distance": 12, "rate": 0.00050000002374872565},
  {"soilType": "Tt", "distance": 12, "rate": 0},
  {"soilType": "Tl", "distance": 12, "rate": 0},
  {"soilType": "Tu2", "distance": 12, "rate": 0},
  {"soilType": "Tu3", "distance": 12, "rate": 0.00019999999494757503},
  {"soilType": "Tu4", "distance": 12, "rate": 0.00030000001424923539},
  {"soilType": "Ts2", "distance": 12, "rate": 9.9999997473787516e-5},
  {"soilType": "Ts3", "distance": 12, "rate": 9.9999997473787516e-5},
  {"soilType": "Ts4", "distance": 12, "rate": 9.9999997473787516e-5},
  {"soilType": "Su2", "distance": 13, "rate": 0.00050000002374872565},
  {"soilType": "Su3", "distance": 13, "rate": 0.00089999998454004526},
  {"soilType": "Su4", "distance": 13, "rate": 0.0012000000569969416},
  {"soilType": "Sl2", "distance": 13, "rate": 0},
  {"soilType": "Sl3", "distance": 13, "rate": 0},
  {"soilType": "Sl4", "distance": 13, "rate": 0.00019999999494757503},
  {"soilType": "Slu", "distance": 13, "rate": 0.00050000002374872565},
  {"soilType": "St2", "distance": 13, "rate": 0},
  {"soilType": "St3", "distance": 13, "rate": 0},
  {"soilType": "fS", "distance": 13, "rate": 9.9999997473787516e-5},
  {"soilType": "gS", "distance": 13, "rate": 0},
  {"soilType": "mS", "distance": 13, "rate": 0},
  {"soilType": "Ss", "distance": 13, "rate": 0},
  {"soilType": "Us", "distance": 13, "rate": 0.001500000013038516},
  {"soilType": "Uu", "distance": 13, "rate": 0.00279999990016222},
  {"soilType": "Uls", "distance": 13, "rate": 0.0026000000070780516},
  {"soilType": "Ut2", "distance": 13, "rate": 0.001500000013038516},
  {"soilType": "Ut3", "distance": 13, "rate": 0.001500000013038516},
  {"soilType": "Ut4", "distance": 13, "rate": 0.0012000000569969416},
  {"soilType": "Ls2", "distance": 13, "rate": 0.000699999975040555},
  {"soilType": "Ls3", "distance": 13, "rate": 0.00079999997979030013},
  {"soilType": "Ls4", "distance": 13, "rate": 0.00060000002849847078},
  {"soilType": "Lt2", "distance": 13, "rate": 0.000699999975040555},
  {"soilType": "Lt3", "distance": 13, "rate": 0.000699999975040555},
  {"soilType": "Lu", "distance": 13, "rate": 0.0010000000474974513},
  {"soilType": "Lts", "distance": 13, "rate": 0.00039999998989515007},
  {"soilType": "Tt", "distance": 13, "rate": 0},
  {"soilType": "Tl", "distance": 13, "rate": 0},
  {"soilType": "Tu2", "distance": 13, "rate": 0},
  {"soilType": "Tu3", "distance": 13, "rate": 0.00019999999494757503},
  {"soilType": "Tu4", "distance": 13, "rate": 0.00030000001424923539},
  {"soilType": "Ts2", "distance": 13, "rate": 0},
  {"soilType": "Ts3", "distance": 13, "rate": 0},
  {"soilType": "Ts4", "distance": 13, "rate": 0},
  {"soilType": "Su2", "distance": 14, "rate": 0.00039999998989515007},
  {"soilType": "Su3", "distance": 14, "rate": 0.00079999997979030013},
  {"soilType": "Su4", "distance": 14, "rate": 0.00089999998454004526},
  {"soilType": "Sl2", "distance": 14, "rate": 0},
  {"soilType": "Sl3", "distance": 14, "rate": 0},
  {"soilType": "Sl4", "distance": 14, "rate": 9.9999997473787516e-5},
  {"soilType": "Slu", "distance": 14, "rate": 0.00039999998989515007},
  {"soilType": "St2", "distance": 14, "rate": 0},
  {"soilType": "St3", "distance": 14, "rate": 0},
  {"soilType": "fS", "distance": 14, "rate": 0},
  {"soilType": "gS", "distance": 14, "rate": 0},
  {"soilType": "mS", "distance": 14, "rate": 0},
  {"soilType": "Ss", "distance": 14, "rate": 0},
  {"soilType": "Us", "distance": 14, "rate": 0.0012000000569969416},
  {"soilType": "Uu", "distance": 14, "rate": 0.0024000001139938831},
  {"soilType": "Uls", "distance": 14, "rate": 0.002199999988079071},
  {"soilType": "Ut2", "distance": 14, "rate": 0.0013000000035390258},
  {"soilType": "Ut3", "distance": 14, "rate": 0.0013000000035390258},
  {"soilType": "Ut4", "distance": 14, "rate": 0.0010000000474974513},
  {"soilType": "Ls2", "distance": 14, "rate": 0.00050000002374872565},
  {"soilType": "Ls3", "distance": 14, "rate": 0.000699999975040555},
  {"soilType": "Ls4", "distance": 14, "rate": 0.00050000002374872565},
  {"soilType": "Lt2", "distance": 14, "rate": 0.00050000002374872565},
  {"soilType": "Lt3", "distance": 14, "rate": 0.00060000002849847078},
  {"soilType": "Lu", "distance": 14, "rate": 0.00079999997979030013},
  {"soilType": "Lts", "distance": 14, "rate": 0.00030000001424923539},
  {"soilType": "Tt", "distance": 14, "rate": 0},
  {"soilType": "Tl", "distance": 14, "rate": 0},
  {"soilType": "Tu2", "distance": 14, "rate": 0},
  {"soilType": "Tu3", "distance": 14, "rate": 9.9999997473787516e-5},
  {"soilType": "Tu4", "distance": 14, "rate": 0.00019999999494757503},
  {"soilType": "Ts2", "distance": 14, "rate": 0},
  {"soilType": "Ts3", "distance": 14, "rate": 0},
  {"soilType": "Ts4", "distance": 14, "rate": 0},
  {"soilType": "Su2", "distance": 15, "rate": 0.00030000001424923539},
  {"soilType": "Su3", "distance": 15, "rate": 0.000699999975040555},
  {"soilType": "Su4", "distance": 15, "rate": 0.00079999997979030013},
  {"soilType": "Sl2", "distance": 15, "rate": 0},
  {"soilType": "Sl3", "distance": 15, "rate": 0},
  {"soilType": "Sl4", "distance": 15, "rate": 0},
  {"soilType": "Slu", "distance": 15, "rate": 0.00030000001424923539},
  {"soilType": "St2", "distance": 15, "rate": 0},
  {"soilType": "St3", "distance": 15, "rate": 0},
  {"soilType": "fS", "distance": 15, "rate": 0},
  {"soilType": "gS", "distance": 15, "rate": 0},
  {"soilType": "mS", "distance": 15, "rate": 0},
  {"soilType": "Ss", "distance": 15, "rate": 0},
  {"soilType": "Us", "distance": 15, "rate": 0.0010000000474974513},
  {"soilType": "Uu", "distance": 15, "rate": 0.0020000000949949026},
  {"soilType": "Uls", "distance": 15, "rate": 0.0019000000320374966},
  {"soilType": "Ut2", "distance": 15, "rate": 0.0010999999940395355},
  {"soilType": "Ut3", "distance": 15, "rate": 0.0010999999940395355},
  {"soilType": "Ut4", "distance": 15, "rate": 0.00079999997979030013},
  {"soilType": "Ls2", "distance": 15, "rate": 0.00039999998989515007},
  {"soilType": "Ls3", "distance": 15, "rate": 0.00050000002374872565},
  {"soilType": "Ls4", "distance": 15, "rate": 0.00039999998989515007},
  {"soilType": "Lt2", "distance": 15, "rate": 0.00039999998989515007},
  {"soilType": "Lt3", "distance": 15, "rate": 0.00050000002374872565},
  {"soilType": "Lu", "distance": 15, "rate": 0.000699999975040555},
  {"soilType": "Lts", "distance": 15, "rate": 0.00019999999494757503},
  {"soilType": "Tt", "distance": 15, "rate": 0},
  {"soilType": "Tl", "distance": 15, "rate": 0},
  {"soilType": "Tu2", "distance": 15, "rate": 0},
  {"soilType": "Tu3", "distance": 15, "rate": 0},
  {"soilType": "Tu4", "distance": 15, "rate": 0.00019999999494757503},
  {"soilType": "Ts2", "distance": 15, "rate": 0},
  {"soilType": "Ts3", "distance": 15, "rate": 0},
  {"soilType": "Ts4", "distance": 15, "rate": 0},
  {"soilType": "Su2", "distance": 16, "rate": 0.00030000001424923539},
  {"soilType": "Su3", "distance": 16, "rate": 0.000699999975040555},
  {"soilType": "Su4", "distance": 16, "rate": 0.00079999997979030013},
  {"soilType": "Sl2", "distance": 16, "rate": 0},
  {"soilType": "Sl3", "distance": 16, "rate": 0},
  {"soilType": "Sl4", "distance": 16, "rate": 0},
  {"soilType": "Slu", "distance": 16, "rate": 0.00030000001424923539},
  {"soilType": "St2", "distance": 16, "rate": 0},
  {"soilType": "St3", "distance": 16, "rate": 0},
  {"soilType": "fS", "distance": 16, "rate": 0},
  {"soilType": "gS", "distance": 16, "rate": 0},
  {"soilType": "mS", "distance": 16, "rate": 0},
  {"soilType": "Ss", "distance": 16, "rate": 0},
  {"soilType": "Us", "distance": 16, "rate": 0.0010000000474974513},
  {"soilType": "Uu", "distance": 16, "rate": 0.0020000000949949026},
  {"soilType": "Uls", "distance": 16, "rate": 0.0019000000320374966},
  {"soilType": "Ut2", "distance": 16, "rate": 0.0010999999940395355},
  {"soilType": "Ut3", "distance": 16, "rate": 0.0010999999940395355},
  {"soilType": "Ut4", "distance": 16, "rate": 0.00079999997979030013},
  {"soilType": "Ls2", "distance": 16, "rate": 0.00039999998989515007},
  {"soilType": "Ls3", "distance": 16, "rate": 0.00050000002374872565},
  {"soilType": "Ls4", "distance": 16, "rate": 0.00039999998989515007},
  {"soilType": "Lt2", "distance": 16, "rate": 0.00039999998989515007},
  {"soilType": "Lt3", "distance": 16, "rate": 0.00050000002374872565},
  {"soilType": "Lu", "distance": 16, "rate": 0.000699999975040555},
  {"soilType": "Lts", "distance": 16, "rate": 0.00019999999494757503},
  {"soilType": "Tt", "distance": 16, "rate": 0},
  {"soilType": "Tl", "distance": 16, "rate": 0},
  {"soilType": "Tu2", "distance": 16, "rate": 0},
  {"soilType": "Tu3", "distance": 16, "rate": 0},
  {"soilType": "Tu4", "distance": 16, "rate": 0.00019999999494757503},
  {"soilType": "Ts2", "distance": 16, "rate": 0},
  {"soilType": "Ts3", "distance": 16, "rate": 0},
  {"soilType": "Ts4", "distance": 16, "rate": 0},
  {"soilType": "Su2", "distance": 17, "rate": 0.00019999999494757503},
  {"soilType": "Su3", "distance": 17, "rate": 0.00050000002374872565},
  {"soilType": "Su4", "distance": 17, "rate": 0.00050000002374872565},
  {"soilType": "Sl2", "distance": 17, "rate": 0},
  {"soilType": "Sl3", "distance": 17, "rate": 0},
  {"soilType": "Sl4", "distance": 17, "rate": 0},
  {"soilType": "Slu", "distance": 17, "rate": 0.00019999999494757503},
  {"soilType": "St2", "distance": 17, "rate": 0},
  {"soilType": "St3", "distance": 17, "rate": 0},
  {"soilType": "fS", "distance": 17, "rate": 0},
  {"soilType": "gS", "distance": 17, "rate": 0},
  {"soilType": "mS", "distance": 17, "rate": 0},
  {"soilType": "Ss", "distance": 17, "rate": 0},
  {"soilType": "Us", "distance": 17, "rate": 0.000699999975040555},
  {"soilType": "Uu", "distance": 17, "rate": 0.001500000013038516},
  {"soilType": "Uls", "distance": 17, "rate": 0.00139999995008111},
  {"soilType": "Ut2", "distance": 17, "rate": 0.000699999975040555},
  {"soilType": "Ut3", "distance": 17, "rate": 0.000699999975040555},
  {"soilType": "Ut4", "distance": 17, "rate": 0.00050000002374872565},
  {"soilType": "Ls2", "distance": 17, "rate": 0.00019999999494757503},
  {"soilType": "Ls3", "distance": 17, "rate": 0.00030000001424923539},
  {"soilType": "Ls4", "distance": 17, "rate": 0.00030000001424923539},
  {"soilType": "Lt2", "distance": 17, "rate": 0.00030000001424923539},
  {"soilType": "Lt3", "distance": 17, "rate": 0.00030000001424923539},
  {"soilType": "Lu", "distance": 17, "rate": 0.00050000002374872565},
  {"soilType": "Lts", "distance": 17, "rate": 9.9999997473787516e-5},
  {"soilType": "Tt", "distance": 17, "rate": 0},
  {"soilType": "Tl", "distance": 17, "rate": 0},
  {"soilType": "Tu2", "distance": 17, "rate": 0},
  {"soilType": "Tu3", "distance": 17, "rate": 0},
  {"soilType": "Tu4", "distance": 17, "rate": 9.9999997473787516e-5},
  {"soilType": "Ts2", "distance": 17, "rate": 0},
  {"soilType": "Ts3", "distance": 17, "rate": 0},
  {"soilType": "Ts4", "distance": 17, "rate": 0},
  {"soilType": "Su2", "distance": 18, "rate": 0.00019999999494757503},
  {"soilType": "Su3", "distance": 18, "rate": 0.00050000002374872565},
  {"soilType": "Su4", "distance": 18, "rate": 0.00050000002374872565},
  {"soilType": "Sl2", "distance": 18, "rate": 0},
  {"soilType": "Sl3", "distance": 18, "rate": 0},
  {"soilType": "Sl4", "distance": 18, "rate": 0},
  {"soilType": "Slu", "distance": 18, "rate": 0.00019999999494757503},
  {"soilType": "St2", "distance": 18, "rate": 0},
  {"soilType": "St3", "distance": 18, "rate": 0},
  {"soilType": "fS", "distance": 18, "rate": 0},
  {"soilType": "gS", "distance": 18, "rate": 0},
  {"soilType": "mS", "distance": 18, "rate": 0},
  {"soilType": "Ss", "distance": 18, "rate": 0},
  {"soilType": "Us", "distance": 18, "rate": 0.000699999975040555},
  {"soilType": "Uu", "distance": 18, "rate": 0.001500000013038516},
  {"soilType": "Uls", "distance": 18, "rate": 0.00139999995008111},
  {"soilType": "Ut2", "distance": 18, "rate": 0.000699999975040555},
  {"soilType": "Ut3", "distance": 18, "rate": 0.000699999975040555},
  {"soilType": "Ut4", "distance": 18, "rate": 0.00050000002374872565},
  {"soilType": "Ls2", "distance": 18, "rate": 0.00019999999494757503},
  {"soilType": "Ls3", "distance": 18, "rate": 0.00030000001424923539},
  {"soilType": "Ls4", "distance": 18, "rate": 0.00030000001424923539},
  {"soilType": "Lt2", "distance": 18, "rate": 0.00030000001424923539},
  {"soilType": "Lt3", "distance": 18, "rate": 0.00030000001424923539},
  {"soilType": "Lu", "distance": 18, "rate": 0.00050000002374872565},
  {"soilType": "Lts", "distance": 18, "rate": 0},
  {"soilType": "Tt", "distance": 18, "rate": 0},
  {"soilType": "Tl", "distance": 18, "rate": 0},
  {"soilType": "Tu2", "distance": 18, "rate": 0},
  {"soilType": "Tu3", "distance": 18, "rate": 0},
  {"soilType": "Tu4", "distance": 18, "rate": 0},
  {"soilType": "Ts2", "distance": 18, "rate": 0},
  {"soilType": "Ts3", "distance": 18, "rate": 0},
  {"soilType": "Ts4", "distance": 18, "rate": 0},
  {"soilType": "Su2", "distance": 19, "rate": 0.00019999999494757503},
  {"soilType": "Su3", "distance": 19, "rate": 0.00050000002374872565},
  {"soilType": "Su4", "distance": 19, "rate": 0.00050000002374872565},
  {"soilType": "Sl2", "distance": 19, "rate": 0},
  {"soilType": "Sl3", "distance": 19, "rate": 0},
  {"soilType": "Sl4", "distance": 19, "rate": 0},
  {"soilType": "Slu", "distance": 19, "rate": 0.00019999999494757503},
  {"soilType": "St2", "distance": 19, "rate": 0},
  {"soilType": "St3", "distance": 19, "rate": 0},
  {"soilType": "fS", "distance": 19, "rate": 0},
  {"soilType": "gS", "distance": 19, "rate": 0},
  {"soilType": "mS", "distance": 19, "rate": 0},
  {"soilType": "Ss", "distance": 19, "rate": 0},
  {"soilType": "Us", "distance": 19, "rate": 0.000699999975040555},
  {"soilType": "Uu", "distance": 19, "rate": 0.001500000013038516},
  {"soilType": "Uls", "distance": 19, "rate": 0.00139999995008111},
  {"soilType": "Ut2", "distance": 19, "rate": 0.000699999975040555},
  {"soilType": "Ut3", "distance": 19, "rate": 0.000699999975040555},
  {"soilType": "Ut4", "distance": 19, "rate": 0.00050000002374872565},
  {"soilType": "Ls2", "distance": 19, "rate": 0.00019999999494757503},
  {"soilType": "Ls3", "distance": 19, "rate": 0.00030000001424923539},
  {"soilType": "Ls4", "distance": 19, "rate": 0.00030000001424923539},
  {"soilType": "Lt2", "distance": 19, "rate": 0.00030000001424923539},
  {"soilType": "Lt3", "distance": 19, "rate": 0.00030000001424923539},
  {"soilType": "Lu", "distance": 19, "rate": 0.00050000002374872565},
  {"soilType": "Lts", "distance": 19, "rate": 0},
  {"soilType": "Tt", "distance": 19, "rate": 0},
  {"soilType": "Tl", "distance": 19, "rate": 0},
  {"soilType": "Tu2", "distance": 19, "rate": 0},
  {"soilType": "Tu3", "distance": 19, "rate": 0},
  {"soilType": "Tu4", "distance": 19, "rate": 0},
  {"soilType": "Ts2", "distance": 19, "rate": 0},
  {"soilType": "Ts3", "distance": 19, "rate": 0},
  {"soilType": "Ts4", "distance": 19, "rate": 0},
  {"soilType": "Su2", "distance": 20, "rate": 9.9999997473787516e-5},
  {"soilType": "Su3", "distance": 20, "rate": 0.00030000001424923539},
  {"soilType": "Su4", "distance": 20, "rate": 0.00030000001424923539},
  {"soilType": "Sl2", "distance": 20, "rate": 0},
  {"soilType": "Sl3", "distance": 20, "rate": 0},
  {"soilType": "Sl4", "distance": 20, "rate": 0},
  {"soilType": "Slu", "distance": 20, "rate": 9.9999997473787516e-5},
  {"soilType": "St2", "distance": 20, "rate": 0},
  {"soilType": "St3", "distance": 20, "rate": 0},
  {"soilType": "fS", "distance": 20, "rate": 0},
  {"soilType": "gS", "distance": 20, "rate": 0},
  {"soilType": "mS", "distance": 20, "rate": 0},
  {"soilType": "Ss", "distance": 20, "rate": 0},
  {"soilType": "Us", "distance": 20, "rate": 0.00039999998989515007},
  {"soilType": "Uu", "distance": 20, "rate": 0.0010000000474974513},
  {"soilType": "Uls", "distance": 20, "rate": 0.00089999998454004526},
  {"soilType": "Ut2", "distance": 20, "rate": 0.00039999998989515007},
  {"soilType": "Ut3", "distance": 20, "rate": 0.00039999998989515007},
  {"soilType": "Ut4", "distance": 20, "rate": 0.00030000001424923539},
  {"soilType": "Ls2", "distance": 20, "rate": 9.9999997473787516e-5},
  {"soilType": "Ls3", "distance": 20, "rate": 0.00019999999494757503},
  {"soilType": "Ls4", "distance": 20, "rate": 9.9999997473787516e-5},
  {"soilType": "Lt2", "distance": 20, "rate": 9.9999997473787516e-5},
  {"soilType": "Lt3", "distance": 20, "rate": 0.00019999999494757503},
  {"soilType": "Lu", "distance": 20, "rate": 0.00030000001424923539},
  {"soilType": "Lts", "distance": 20, "rate": 0},
  {"soilType": "Tt", "distance": 20, "rate": 0},
  {"soilType": "Tl", "distance": 20, "rate": 0},
  {"soilType": "Tu2", "distance": 20, "rate": 0},
  {"soilType": "Tu3", "distance": 20, "rate": 0},
  {"soilType": "Tu4", "distance": 20, "rate": 0},
  {"soilType": "Ts2", "distance": 20, "rate": 0},
  {"soilType": "Ts3", "distance": 20, "rate": 0},
  {"soilType": "Ts4", "distance": 20, "rate": 0},
  {"soilType": "Su2", "distance": 21, "rate": 0},
  {"soilType": "Su3", "distance": 21, "rate": 0.00030000001424923539},
  {"soilType": "Su4", "distance": 21, "rate": 0.00030000001424923539},
  {"soilType": "Sl2", "distance": 21, "rate": 0},
  {"soilType": "Sl3", "distance": 21, "rate": 0},
  {"soilType": "Sl4", "distance": 21, "rate": 0},
  {"soilType": "Slu", "distance": 21, "rate": 0},
  {"soilType": "St2", "distance": 21, "rate": 0},
  {"soilType": "St3", "distance": 21, "rate": 0},
  {"soilType": "fS", "distance": 21, "rate": 0},
  {"soilType": "gS", "distance": 21, "rate": 0},
  {"soilType": "mS", "distance": 21, "rate": 0},
  {"soilType": "Ss", "distance": 21, "rate": 0},
  {"soilType": "Us", "distance": 21, "rate": 0.00039999998989515007},
  {"soilType": "Uu", "distance": 21, "rate": 0.0010000000474974513},
  {"soilType": "Uls", "distance": 21, "rate": 0.00089999998454004526},
  {"soilType": "Ut2", "distance": 21, "rate": 0.00039999998989515007},
  {"soilType": "Ut3", "distance": 21, "rate": 0.00039999998989515007},
  {"soilType": "Ut4", "distance": 21, "rate": 0.00030000001424923539},
  {"soilType": "Ls2", "distance": 21, "rate": 0},
  {"soilType": "Ls3", "distance": 21, "rate": 0.00019999999494757503},
  {"soilType": "Ls4", "distance": 21, "rate": 0},
  {"soilType": "Lt2", "distance": 21, "rate": 0},
  {"soilType": "Lt3", "distance": 21, "rate": 0.00019999999494757503},
  {"soilType": "Lu", "distance": 21, "rate": 0.00030000001424923539},
  {"soilType": "Lts", "distance": 21, "rate": 0},
  {"soilType": "Tt", "distance": 21, "rate": 0},
  {"soilType": "Tl", "distance": 21, "rate": 0},
  {"soilType": "Tu2", "distance": 21, "rate": 0},
  {"soilType": "Tu3", "distance": 21, "rate": 0},
  {"soilType": "Tu4", "distance": 21, "rate": 0},
  {"soilType": "Ts2", "distance": 21, "rate": 0},
  {"soilType": "Ts3", "distance": 21, "rate": 0},
  {"soilType": "Ts4", "distance": 21, "rate": 0},
  {"soilType": "Su2", "distance": 22, "rate": 0},
  {"soilType": "Su3", "distance": 22, "rate": 0.00030000001424923539},
  {"soilType": "Su4", "distance": 22, "rate": 0.00030000001424923539},
  {"soilType": "Sl2", "distance": 22, "rate": 0},
  {"soilType": "Sl3", "distance": 22, "rate": 0},
  {"soilType": "Sl4", "distance": 22, "rate": 0},
  {"soilType": "Slu", "distance": 22, "rate": 0},
  {"soilType": "St2", "distance": 22, "rate": 0},
  {"soilType": "St3", "distance": 22, "rate": 0},
  {"soilType": "fS", "distance": 22, "rate": 0},
  {"soilType": "gS", "distance": 22, "rate": 0},
  {"soilType": "mS", "distance": 22, "rate": 0},
  {"soilType": "Ss", "distance": 22, "rate": 0},
  {"soilType": "Us", "distance": 22, "rate": 0.00039999998989515007},
  {"soilType": "Uu", "distance": 22, "rate": 0.0010000000474974513},
  {"soilType": "Uls", "distance": 22, "rate": 0.00089999998454004526},
  {"soilType": "Ut2", "distance": 22, "rate": 0.00039999998989515007},
  {"soilType": "Ut3", "distance": 22, "rate": 0.00039999998989515007},
  {"soilType": "Ut4", "distance": 22, "rate": 0.00030000001424923539},
  {"soilType": "Ls2", "distance": 22, "rate": 0},
  {"soilType": "Ls3", "distance": 22, "rate": 0.00019999999494757503},
  {"soilType": "Ls4", "distance": 22, "rate": 0},
  {"soilType": "Lt2", "distance": 22, "rate": 0},
  {"soilType": "Lt3", "distance": 22, "rate": 0.00019999999494757503},
  {"soilType": "Lu", "distance": 22, "rate": 0.00030000001424923539},
  {"soilType": "Lts", "distance": 22, "rate": 0},
  {"soilType": "Tt", "distance": 22, "rate": 0},
  {"soilType": "Tl", "distance": 22, "rate": 0},
  {"soilType": "Tu2", "distance": 22, "rate": 0},
  {"soilType": "Tu3", "distance": 22, "rate": 0},
  {"soilType": "Tu4", "distance": 22, "rate": 0},
  {"soilType": "Ts2", "distance": 22, "rate": 0},
  {"soilType": "Ts3", "distance": 22, "rate": 0},
  {"soilType": "Ts4", "distance": 22, "rate": 0},
  {"soilType": "Su2", "distance": 23, "rate": 0},
  {"soilType": "Su3", "distance": 23, "rate": 0.00030000001424923539},
  {"soilType": "Su4", "distance": 23, "rate": 0.00030000001424923539},
  {"soilType": "Sl2", "distance": 23, "rate": 0},
  {"soilType": "Sl3", "distance": 23, "rate": 0},
  {"soilType": "Sl4", "distance": 23, "rate": 0},
  {"soilType": "Slu", "distance": 23, "rate": 0},
  {"soilType": "St2", "distance": 23, "rate": 0},
  {"soilType": "St3", "distance": 23, "rate": 0},
  {"soilType": "fS", "distance": 23, "rate": 0},
  {"soilType": "gS", "distance": 23, "rate": 0},
  {"soilType": "mS", "distance": 23, "rate": 0},
  {"soilType": "Ss", "distance": 23, "rate": 0},
  {"soilType": "Us", "distance": 23, "rate": 0.00039999998989515007},
  {"soilType": "Uu", "distance": 23, "rate": 0.0010000000474974513},
  {"soilType": "Uls", "distance": 23, "rate": 0.00089999998454004526},
  {"soilType": "Ut2", "distance": 23, "rate": 0.00039999998989515007},
  {"soilType": "Ut3", "distance": 23, "rate": 0.00039999998989515007},
  {"soilType": "Ut4", "distance": 23, "rate": 0.00030000001424923539},
  {"soilType": "Ls2", "distance": 23, "rate": 0},
  {"soilType": "Ls3", "distance": 23, "rate": 0.00019999999494757503},
  {"soilType": "Ls4", "distance": 23, "rate": 0},
  {"soilType": "Lt2", "distance": 23, "rate": 0},
  {"soilType": "Lt3", "distance": 23, "rate": 0.00019999999494757503},
  {"soilType": "Lu", "distance": 23, "rate": 0.00030000001424923539},
  {"soilType": "Lts", "distance": 23, "rate": 0},
  {"soilType": "Tt", "distance": 23, "rate": 0},
  {"soilType": "Tl", "distance": 23, "rate": 0},
  {"soilType": "Tu2", "distance": 23, "rate": 0},
  {"soilType": "Tu3", "distance": 23, "rate": 0},
  {"soilType": "Tu4", "distance": 23, "rate": 0},
  {"soilType": "Ts2", "distance": 23, "rate": 0},
  {"soilType": "Ts3", "distance": 23, "rate": 0},
  {"soilType": "Ts4", "distance": 23, "rate": 0},
  {"soilType": "Su2", "distance": 24, "rate": 0},
  {"soilType": "Su3", "distance": 24, "rate": 0.00030000001424923539},
  {"soilType": "Su4", "distance": 24, "rate": 0.00030000001424923539},
  {"soilType": "Sl2", "distance": 24, "rate": 0},
  {"soilType": "Sl3", "distance": 24, "rate": 0},
  {"soilType": "Sl4", "distance": 24, "rate": 0},
  {"soilType": "Slu", "distance": 24, "rate": 0},
  {"soilType": "St2", "distance": 24, "rate": 0},
  {"soilType": "St3", "distance": 24, "rate": 0},
  {"soilType": "fS", "distance": 24, "rate": 0},
  {"soilType": "gS", "distance": 24, "rate": 0},
  {"soilType": "mS", "distance": 24, "rate": 0},
  {"soilType": "Ss", "distance": 24, "rate": 0},
  {"soilType": "Us", "distance": 24, "rate": 0.00039999998989515007},
  {"soilType": "Uu", "distance": 24, "rate": 0.0010000000474974513},
  {"soilType": "Uls", "distance": 24, "rate": 0.00089999998454004526},
  {"soilType": "Ut2", "distance": 24, "rate": 0.00039999998989515007},
  {"soilType": "Ut3", "distance": 24, "rate": 0.00039999998989515007},
  {"soilType": "Ut4", "distance": 24, "rate": 0.00030000001424923539},
  {"soilType": "Ls2", "distance": 24, "rate": 0},
  {"soilType": "Ls3", "distance": 24, "rate": 0.00019999999494757503},
  {"soilType": "Ls4", "distance": 24, "rate": 0},
  {"soilType": "Lt2", "distance": 24, "rate": 0},
  {"soilType": "Lt3", "distance": 24, "rate": 0.00019999999494757503},
  {"soilType": "Lu", "distance": 24, "rate": 0.00030000001424923539},
  {"soilType": "Lts", "distance": 24, "rate": 0},
  {"soilType": "Tt", "distance": 24, "rate": 0},
  {"soilType": "Tl", "distance": 24, "rate": 0},
  {"soilType": "Tu2", "distance": 24, "rate": 0},
  {"soilType": "Tu3", "distance": 24, "rate": 0},
  {"soilType": "Tu4", "distance": 24, "rate": 0},
  {"soilType": "Ts2", "distance": 24, "rate": 0},
  {"soilType": "Ts3", "distance": 24, "rate": 0},
  {"soilType": "Ts4", "distance": 24, "rate": 0},
  {"soilType": "Su2", "distance": 25, "rate": 0},
  {"soilType": "Su3", "distance": 25, "rate": 9.9999997473787516e-5},
  {"soilType": "Su4", "distance": 25, "rate": 9.9999997473787516e-5},
  {"soilType": "Sl2", "distance": 25, "rate": 0},
  {"soilType": "Sl3", "distance": 25, "rate": 0},
  {"soilType": "Sl4", "distance": 25, "rate": 0},
  {"soilType": "Slu", "distance": 25, "rate": 0},
  {"soilType": "St2", "distance": 25, "rate": 0},
  {"soilType": "St3", "distance": 25, "rate": 0},
  {"soilType": "fS", "distance": 25, "rate": 0},
  {"soilType": "gS", "distance": 25, "rate": 0},
  {"soilType": "mS", "distance": 25, "rate": 0},
  {"soilType": "Ss", "distance": 25, "rate": 0},
  {"soilType": "Us", "distance": 25, "rate": 9.9999997473787516e-5},
  {"soilType": "Uu", "distance": 25, "rate": 0.00050000002374872565},
  {"soilType": "Uls", "distance": 25, "rate": 0.00050000002374872565},
  {"soilType": "Ut2", "distance": 25, "rate": 9.9999997473787516e-5},
  {"soilType": "Ut3", "distance": 25, "rate": 9.9999997473787516e-5},
  {"soilType": "Ut4", "distance": 25, "rate": 9.9999997473787516e-5},
  {"soilType": "Ls2", "distance": 25, "rate": 0},
  {"soilType": "Ls3", "distance": 25, "rate": 9.9999997473787516e-5},
  {"soilType": "Ls4", "distance": 25, "rate": 0},
  {"soilType": "Lt2", "distance": 25, "rate": 0},
  {"soilType": "Lt3", "distance": 25, "rate": 9.9999997473787516e-5},
  {"soilType": "Lu", "distance": 25, "rate": 9.9999997473787516e-5},
  {"soilType": "Lts", "distance": 25, "rate": 0},
  {"soilType": "Tt", "distance": 25, "rate": 0},
  {"soilType": "Tl", "distance": 25, "rate": 0},
  {"soilType": "Tu2", "distance": 25, "rate": 0},
  {"soilType": "Tu3", "distance": 25, "rate": 0},
  {"soilType": "Tu4", "distance": 25, "rate": 0},
  {"soilType": "Ts2", "distance": 25, "rate": 0},
  {"soilType": "Ts3", "distance": 25, "rate": 0},
  {"soilType": "Ts4", "distance": 25, "rate": 0},
  {"soilType": "Su2", "distance": 26, "rate": 0},
  {"soilType": "Su3", "distance": 26, "rate": 0},
  {"soilType": "Su4", "distance": 26, "rate": 0},
  {"soilType": "Sl2", "distance": 26, "rate": 0},
  {"soilType": "Sl3", "distance": 26, "rate": 0},
  {"soilType": "Sl4", "distance": 26, "rate": 0},
  {"soilType": "Slu", "distance": 26, "rate": 0},
  {"soilType": "St2", "distance": 26, "rate": 0},
  {"soilType": "St3", "distance": 26, "rate": 0},
  {"soilType": "fS", "distance": 26, "rate": 0},
  {"soilType": "gS", "distance": 26, "rate": 0},
  {"soilType": "mS", "distance": 26, "rate": 0},
  {"soilType": "Ss", "distance": 26, "rate": 0},
  {"soilType": "Us", "distance": 26, "rate": 9.9999997473787516e-5},
  {"soilType": "Uu", "distance": 26, "rate": 0.00030000001424923539},
  {"soilType": "Uls", "distance": 26, "rate": 0.00030000001424923539},
  {"soilType": "Ut2", "distance": 26, "rate": 9.9999997473787516e-5},
  {"soilType": "Ut3", "distance": 26, "rate": 9.9999997473787516e-5},
  {"soilType": "Ut4", "distance": 26, "rate": 9.9999997473787516e-5},
  {"soilType": "Ls2", "distance": 26, "rate": 0},
  {"soilType": "Ls3", "distance": 26, "rate": 0},
  {"soilType": "Ls4", "distance": 26, "rate": 0},
  {"soilType": "Lt2", "distance": 26, "rate": 0},
  {"soilType": "Lt3", "distance": 26, "rate": 0},
  {"soilType": "Lu", "distance": 26, "rate": 9.9999997473787516e-5},
  {"soilType": "Lts", "distance": 26, "rate": 0},
  {"soilType": "Tt", "distance": 26, "rate": 0},
  {"soilType": "Tl", "distance": 26, "rate": 0},
  {"soilType": "Tu2", "distance": 26, "rate": 0},
  {"soilType": "Tu3", "distance": 26, "rate": 0},
  {"soilType": "Tu4", "distance": 26, "rate": 0},
  {"soilType": "Ts2", "distance": 26, "rate": 0},
  {"soilType": "Ts3", "distance": 26, "rate": 0},
  {"soilType": "Ts4", "distance": 26, "rate": 0},
  {"soilType": "Su2", "distance": 27, "rate": 0},
  {"soilType": "Su3", "distance": 27, "rate": 0},
  {"soilType": "Su4", "distance": 27, "rate": 0},
  {"soilType": "Sl2", "distance": 27, "rate": 0},
  {"soilType": "Sl3", "distance": 27, "rate": 0},
  {"soilType": "Sl4", "distance": 27, "rate": 0},
  {"soilType": "Slu", "distance": 27, "rate": 0},
  {"soilType": "St2", "distance": 27, "rate": 0},
  {"soilType": "St3", "distance": 27, "rate": 0},
  {"soilType": "fS", "distance": 27, "rate": 0},
  {"soilType": "gS", "distance": 27, "rate": 0},
  {"soilType": "mS", "distance": 27, "rate": 0},
  {"soilType": "Ss", "distance": 27, "rate": 0},
  {"soilType": "Us", "distance": 27, "rate": 0},
  {"soilType": "Uu", "distance": 27, "rate": 9.9999997473787516e-5},
  {"soilType": "Uls", "distance": 27, "rate": 9.9999997473787516e-5},
  {"soilType": "Ut2", "distance": 27, "rate": 0},
  {"soilType": "Ut3", "distance": 27, "rate": 0},
  {"soilType": "Ut4", "distance": 27, "rate": 0},
  {"soilType": "Ls2", "distance": 27, "rate": 0},
  {"soilType": "Ls3", "distance": 27, "rate": 0},
  {"soilType": "Ls4", "distance": 27, "rate": 0},
  {"soilType": "Lt2", "distance": 27, "rate": 0},
  {"soilType": "Lt3", "distance": 27, "rate": 0},
  {"soilType": "Lu", "distance": 27, "rate": 0},
  {"soilType": "Lts", "distance": 27, "rate": 0},
  {"soilType": "Tt", "distance": 27, "rate": 0},
  {"soilType": "Tl", "distance": 27, "rate": 0},
  {"soilType": "Tu2", "distance": 27, "rate": 0},
  {"soilType": "Tu3", "distance": 27, "rate": 0},
  {"soilType": "Tu4", "distance": 27, "rate": 0},
  {"soilType": "Ts2", "distance": 27, "rate": 0},
  {"soilType": "Ts3", "distance": 27, "rate": 0},
  {"soilType": "Ts4", "distance": 27, "rate": 0},
  {"soilType": "Hh", "distance": 27, "rate": 0},
  {"soilType": "Hh", "distance": 26, "rate": 0},
  {"soilType": "Hh", "distance": 25, "rate": 0},
  {"soilType": "Hh", "distance": 24, "rate": 0},
  {"soilType": "Hh", "distance": 23, "rate": 0},
  {"soilType": "Hh", "distance": 22, "rate": 0},
  {"soilType": "Hh", "distance": 21, "rate": 0},
  {"soilType": "Hh", "distance": 20, "rate": 0},
  {"soilType": "Hh", "distance": 19, "rate": 0},
  {"soilType": "Hh", "distance": 18, "rate": 0},
  {"soilType": "Hh", "distance": 17, "rate": 0},
  {"soilType": "Hh", "distance": 16, "rate": 0},
  {"soilType": "Hh", "distance": 15, "rate": 0},
  {"soilType": "Hh", "distance": 14, "rate": 0},
  {"soilType": "Hh", "distance": 13, "rate": 0},
  {"soilType": "Hh", "distance": 12, "rate": 4.9999998736893758e-5},
  {"soilType": "Hh", "distance": 11, "rate": 4.9999998736893758e-5},
  {"soilType": "Hh", "distance": 10, "rate": 0.00019999999494757503},
  {"soilType": "Hh", "distance": 9, "rate": 0.00019999999494757503},
  {"soilType": "Hh", "distance": 8, "rate": 0.00030000001424923539},
  {"soilType": "Hh", "distance": 7, "rate": 0.00039999998989515007},
  {"soilType": "Hh", "distance": 6, "rate": 0.00079999997979030013},
  {"soilType": "Hh", "distance": 5, "rate": 0.0013000000035390258},
  {"soilType": "Hh", "distance": 4, "rate": 0.0020000000949949026},
  {"soilType": "Hh", "distance": 3, "rate": 0.0030000000260770321},
  {"soilType": "Hh", "distance": 2, "rate": 0.004999999888241291},
  {"soilType": "Hh", "distance": 1, "rate": 0.004999999888241291},
  {"soilType": "Hn", "distance": 2, "rate": 0.0040000001899898052},
  {"soilType": "Hn", "distance": 3, "rate": 0.002199999988079071},
  {"soilType": "Hn", "distance": 4, "rate": 0.0010999999940395355},
  {"soilType": "Hn", "distance": 5, "rate": 0.00060000002849847078},
  {"soilType": "Hn", "distance": 6, "rate": 0.00030000001424923539},
  {"soilType": "Hn", "distance": 7, "rate": 0.00019999999494757503},
  {"soilType": "Hn", "distance": 8, "rate": 9.9999997473787516e-5},
  {"soilType": "Hn", "distance": 9, "rate": 4.9999998736893758e-5},
  {"soilType": "Hn", "distance": 10, "rate": 0},
  {"soilType": "Hn", "distance": 11, "rate": 0},
  {"soilType": "Hn", "distance": 12, "rate": 0},
  {"soilType": "Hn", "distance": 13, "rate": 0},
  {"soilType": "Hn", "distance": 14, "rate": 0},
  {"soilType": "Hn", "distance": 15, "rate": 0},
  {"soilType": "Hn", "distance": 16, "rate": 0},
  {"soilType": "Hn", "distance": 17, "rate": 0},
  {"soilType": "Hn", "distance": 18, "rate": 0},
  {"soilType": "Hn", "distance": 19, "rate": 0},
  {"soilType": "Hn", "distance": 20, "rate": 0},
  {"soilType": "Hn", "distance": 21, "rate": 0},
  {"soilType": "Hn", "distance": 22, "rate": 0},
  {"soilType": "Hn", "distance": 23, "rate": 0},
  {"soilType": "Hn", "distance": 24, "rate": 0},
  {"soilType": "Hn", "distance": 25, "rate": 0},
  {"soilType": "Hn", "distance": 26, "rate": 0},
  {"soilType": "Hn", "distance": 27, "rate": 0},
  {"soilType": "Hn", "distance": 1, "rate": 0.0040000001899898052} ]}