{"list": [
  {"soilType": "Hh", "soilRawDensity": -1000, "airCapacity": 10, "fieldCapacity": 82, "nFieldCapacity": 65},
  {"soilType": "Hn", "soilRawDensity": -1000, "airCapacity": 18, "fieldCapacity": 59, "nFieldCapacity": 29},
  {"soilType": "Ls2", "soilRawDensity": 1100, "airCapacity": 24, "fieldCapacity": 34, "nFieldCapacity": 18},
  {"soilType": "Ls2", "soilRawDensity": 1300, "airCapacity": 20, "fieldCapacity": 31, "nFieldCapacity": 15},
  {"soilType": "Ls2", "soilRawDensity": 1500, "airCapacity": 13, "fieldCapacity": 30, "nFieldCapacity": 14},
  {"soilType": "Ls2", "soilRawDensity": 1700, "airCapacity": 8, "fieldCapacity": 28, "nFieldCapacity": 12},
  {"soilType": "Ls2", "soilRawDensity": 1900, "airCapacity": 3, "fieldCapacity": 26, "nFieldCapacity": 10},
  {"soilType": "Ls3", "soilRawDensity": 1100, "airCapacity": 24, "fieldCapacity": 34, "nFieldCapacity": 18},
  {"soilType": "Ls3", "soilRawDensity": 1300, "airCapacity": 21, "fieldCapacity": 30, "nFieldCapacity": 14},
  {"soilType": "Ls3", "soilRawDensity": 1500, "airCapacity": 15, "fieldCapacity": 28, "nFieldCapacity": 12},
  {"soilType": "Ls3", "soilRawDensity": 1700, "airCapacity": 9, "fieldCapacity": 27, "nFieldCapacity": 11},
  {"soilType": "Ls3", "soilRawDensity": 1900, "airCapacity": 4, "fieldCapacity": 25, "nFieldCapacity": 9},
  {"soilType": "Ls4", "soilRawDensity": 1100, "airCapacity": 25, "fieldCapacity": 33, "nFieldCapacity": 18},
  {"soilType": "Ls4", "soilRawDensity": 1300, "airCapacity": 22, "fieldCapacity": 29, "nFieldCapacity": 14},
  {"soilType": "Ls4", "soilRawDensity": 1500, "airCapacity": 16, "fieldCapacity": 27, "nFieldCapacity": 12},
  {"soilType": "Ls4", "soilRawDensity": 1700, "airCapacity": 10, "fieldCapacity": 26, "nFieldCapacity": 11},
  {"soilType": "Ls4", "soilRawDensity": 1900, "airCapacity": 5, "fieldCapacity": 24, "nFieldCapacity": 9},
  {"soilType": "Lt2", "soilRawDensity": 1100, "airCapacity": 23, "fieldCapacity": 35, "nFieldCapacity": 15},
  {"soilType": "Lt2", "soilRawDensity": 1300, "airCapacity": 19, "fieldCapacity": 32, "nFieldCapacity": 12},
  {"soilType": "Lt2", "soilRawDensity": 1500, "airCapacity": 13, "fieldCapacity": 30, "nFieldCapacity": 10},
  {"soilType": "Lt2", "soilRawDensity": 1700, "airCapacity": 8, "fieldCapacity": 28, "nFieldCapacity": 8},
  {"soilType": "Lt3", "soilRawDensity": 1100, "airCapacity": 20, "fieldCapacity": 38, "nFieldCapacity": 14},
  {"soilType": "Lt3", "soilRawDensity": 1300, "airCapacity": 16, "fieldCapacity": 35, "nFieldCapacity": 11},
  {"soilType": "Lt3", "soilRawDensity": 1500, "airCapacity": 10, "fieldCapacity": 33, "nFieldCapacity": 9},
  {"soilType": "Lt3", "soilRawDensity": 1700, "airCapacity": 5, "fieldCapacity": 31, "nFieldCapacity": 7},
  {"soilType": "Lts", "soilRawDensity": 1100, "airCapacity": 21, "fieldCapacity": 37, "nFieldCapacity": 16},
  {"soilType": "Lts", "soilRawDensity": 1300, "airCapacity": 17, "fieldCapacity": 34, "nFieldCapacity": 13},
  {"soilType": "Lts", "soilRawDensity": 1500, "airCapacity": 11, "fieldCapacity": 32, "nFieldCapacity": 11},
  {"soilType": "Lts", "soilRawDensity": 1700, "airCapacity": 6, "fieldCapacity": 30, "nFieldCapacity": 9},
  {"soilType": "Lu", "soilRawDensity": 1100, "airCapacity": 21, "fieldCapacity": 37, "nFieldCapacity": 18},
  {"soilType": "Lu", "soilRawDensity": 1300, "airCapacity": 18, "fieldCapacity": 34, "nFieldCapacity": 15},
  {"soilType": "Lu", "soilRawDensity": 1500, "airCapacity": 11, "fieldCapacity": 32, "nFieldCapacity": 13},
  {"soilType": "Lu", "soilRawDensity": 1700, "airCapacity": 6, "fieldCapacity": 30, "nFieldCapacity": 11},
  {"soilType": "Sl2", "soilRawDensity": 1300, "airCapacity": 28, "fieldCapacity": 23, "nFieldCapacity": 15},
  {"soilType": "Sl2", "soilRawDensity": 1500, "airCapacity": 22, "fieldCapacity": 21, "nFieldCapacity": 13},
  {"soilType": "Sl2", "soilRawDensity": 1700, "airCapacity": 17, "fieldCapacity": 19, "nFieldCapacity": 11},
  {"soilType": "Sl2", "soilRawDensity": 1900, "airCapacity": 11, "fieldCapacity": 18, "nFieldCapacity": 10},
  {"soilType": "Sl3", "soilRawDensity": 1300, "airCapacity": 26, "fieldCapacity": 25, "nFieldCapacity": 15},
  {"soilType": "Sl3", "soilRawDensity": 1500, "airCapacity": 20, "fieldCapacity": 23, "nFieldCapacity": 13},
  {"soilType": "Sl3", "soilRawDensity": 1700, "airCapacity": 14, "fieldCapacity": 22, "nFieldCapacity": 12},
  {"soilType": "Sl3", "soilRawDensity": 1900, "airCapacity": 9, "fieldCapacity": 20, "nFieldCapacity": 10},
  {"soilType": "Sl4", "soilRawDensity": 1300, "airCapacity": 23, "fieldCapacity": 28, "nFieldCapacity": 15},
  {"soilType": "Sl4", "soilRawDensity": 1500, "airCapacity": 18, "fieldCapacity": 25, "nFieldCapacity": 12},
  {"soilType": "Sl4", "soilRawDensity": 1700, "airCapacity": 12, "fieldCapacity": 24, "nFieldCapacity": 11},
  {"soilType": "Sl4", "soilRawDensity": 1900, "airCapacity": 4, "fieldCapacity": 22, "nFieldCapacity": 9},
  {"soilType": "Slu", "soilRawDensity": 1300, "airCapacity": 22, "fieldCapacity": 29, "nFieldCapacity": 18},
  {"soilType": "Slu", "soilRawDensity": 1500, "airCapacity": 16, "fieldCapacity": 27, "nFieldCapacity": 15},
  {"soilType": "Slu", "soilRawDensity": 1700, "airCapacity": 10, "fieldCapacity": 26, "nFieldCapacity": 14},
  {"soilType": "Slu", "soilRawDensity": 1900, "airCapacity": 4, "fieldCapacity": 25, "nFieldCapacity": 13},
  {"soilType": "Ss", "soilRawDensity": 1300, "airCapacity": 39, "fieldCapacity": 12, "nFieldCapacity": 9},
  {"soilType": "Ss", "soilRawDensity": 1500, "airCapacity": 31, "fieldCapacity": 12, "nFieldCapacity": 9},
  {"soilType": "Ss", "soilRawDensity": 1700, "airCapacity": 24, "fieldCapacity": 12, "nFieldCapacity": 9},
  {"soilType": "St2", "soilRawDensity": 1300, "airCapacity": 30, "fieldCapacity": 21, "nFieldCapacity": 13},
  {"soilType": "St2", "soilRawDensity": 1500, "airCapacity": 25, "fieldCapacity": 18, "nFieldCapacity": 10},
  {"soilType": "St2", "soilRawDensity": 1700, "airCapacity": 20, "fieldCapacity": 16, "nFieldCapacity": 8},
  {"soilType": "St2", "soilRawDensity": 1900, "airCapacity": 14, "fieldCapacity": 15, "nFieldCapacity": 7},
  {"soilType": "St3", "soilRawDensity": 1300, "airCapacity": 22, "fieldCapacity": 29, "nFieldCapacity": 15},
  {"soilType": "St3", "soilRawDensity": 1500, "airCapacity": 17, "fieldCapacity": 26, "nFieldCapacity": 12},
  {"soilType": "St3", "soilRawDensity": 1700, "airCapacity": 13, "fieldCapacity": 23, "nFieldCapacity": 9},
  {"soilType": "St3", "soilRawDensity": 1900, "airCapacity": 8, "fieldCapacity": 21, "nFieldCapacity": 7},
  {"soilType": "Su2", "soilRawDensity": 1300, "airCapacity": 30, "fieldCapacity": 21, "nFieldCapacity": 16},
  {"soilType": "Su2", "soilRawDensity": 1500, "airCapacity": 23, "fieldCapacity": 20, "nFieldCapacity": 15},
  {"soilType": "Su2", "soilRawDensity": 1700, "airCapacity": 18, "fieldCapacity": 18, "nFieldCapacity": 13},
  {"soilType": "Su2", "soilRawDensity": 1900, "airCapacity": 12, "fieldCapacity": 17, "nFieldCapacity": 12},
  {"soilType": "Su3", "soilRawDensity": 1300, "airCapacity": 25, "fieldCapacity": 26, "nFieldCapacity": 19},
  {"soilType": "Su3", "soilRawDensity": 1500, "airCapacity": 19, "fieldCapacity": 24, "nFieldCapacity": 17},
  {"soilType": "Su3", "soilRawDensity": 1700, "airCapacity": 14, "fieldCapacity": 22, "nFieldCapacity": 15},
  {"soilType": "Su3", "soilRawDensity": 1900, "airCapacity": 9, "fieldCapacity": 20, "nFieldCapacity": 13},
  {"soilType": "Su4", "soilRawDensity": 1300, "airCapacity": 24, "fieldCapacity": 27, "nFieldCapacity": 20},
  {"soilType": "Su4", "soilRawDensity": 1500, "airCapacity": 18, "fieldCapacity": 25, "nFieldCapacity": 18},
  {"soilType": "Su4", "soilRawDensity": 1700, "airCapacity": 12, "fieldCapacity": 24, "nFieldCapacity": 17},
  {"soilType": "Su4", "soilRawDensity": 1900, "airCapacity": 7, "fieldCapacity": 22, "nFieldCapacity": 15},
  {"soilType": "Tl", "soilRawDensity": 1100, "airCapacity": 12, "fieldCapacity": 46, "nFieldCapacity": 14},
  {"soilType": "Tl", "soilRawDensity": 1300, "airCapacity": 8, "fieldCapacity": 43, "nFieldCapacity": 12},
  {"soilType": "Tl", "soilRawDensity": 1500, "airCapacity": 4, "fieldCapacity": 39, "nFieldCapacity": 8},
  {"soilType": "Tl", "soilRawDensity": 1700, "airCapacity": 2, "fieldCapacity": 35, "nFieldCapacity": 6},
  {"soilType": "Ts2", "soilRawDensity": 1100, "airCapacity": 15, "fieldCapacity": 43, "nFieldCapacity": 15},
  {"soilType": "Ts2", "soilRawDensity": 1300, "airCapacity": 11, "fieldCapacity": 40, "nFieldCapacity": 13},
  {"soilType": "Ts2", "soilRawDensity": 1500, "airCapacity": 6, "fieldCapacity": 37, "nFieldCapacity": 10},
  {"soilType": "Ts2", "soilRawDensity": 1700, "airCapacity": 2, "fieldCapacity": 34, "nFieldCapacity": 8},
  {"soilType": "Ts3", "soilRawDensity": 1100, "airCapacity": 19, "fieldCapacity": 39, "nFieldCapacity": 17},
  {"soilType": "Ts3", "soilRawDensity": 1300, "airCapacity": 15, "fieldCapacity": 35, "nFieldCapacity": 14},
  {"soilType": "Ts3", "soilRawDensity": 1500, "airCapacity": 12, "fieldCapacity": 31, "nFieldCapacity": 10},
  {"soilType": "Ts3", "soilRawDensity": 1700, "airCapacity": 6, "fieldCapacity": 30, "nFieldCapacity": 9},
  {"soilType": "Ts4", "soilRawDensity": 1100, "airCapacity": 22, "fieldCapacity": 36, "nFieldCapacity": 17},
  {"soilType": "Ts4", "soilRawDensity": 1300, "airCapacity": 18, "fieldCapacity": 33, "nFieldCapacity": 14},
  {"soilType": "Ts4", "soilRawDensity": 1500, "airCapacity": 14, "fieldCapacity": 29, "nFieldCapacity": 11},
  {"soilType": "Ts4", "soilRawDensity": 1700, "airCapacity": 8, "fieldCapacity": 28, "nFieldCapacity": 10},
  {"soilType": "Tt", "soilRawDensity": 1100, "airCapacity": 9, "fieldCapacity": 49, "nFieldCapacity": 13},
  {"soilType": "Tt", "soilRawDensity": 1300, "airCapacity": 6, "fieldCapacity": 45, "nFieldCapacity": 11},
  {"soilType": "Tt", "soilRawDensity": 1500, "airCapacity": 3, "fieldCapacity": 41, "nFieldCapacity": 7},
  {"soilType": "Tt", "soilRawDensity": 1700, "airCapacity": 2, "fieldCapacity": 37, "nFieldCapacity": 6},
  {"soilType": "Tu2", "soilRawDensity": 1100, "airCapacity": 12, "fieldCapacity": 46, "nFieldCapacity": 15},
  {"soilType": "Tu2", "soilRawDensity": 1300, "airCapacity": 8, "fieldCapacity": 43, "nFieldCapacity": 13},
  {"soilType": "Tu2", "soilRawDensity": 1500, "airCapacity": 4, "fieldCapacity": 39, "nFieldCapacity": 9},
  {"soilType": "Tu2", "soilRawDensity": 1700, "airCapacity": 2, "fieldCapacity": 35, "nFieldCapacity": 6},
  {"soilType": "Tu3", "soilRawDensity": 1100, "airCapacity": 15, "fieldCapacity": 43, "nFieldCapacity": 17},
  {"soilType": "Tu3", "soilRawDensity": 1300, "airCapacity": 11, "fieldCapacity": 39, "nFieldCapacity": 14},
  {"soilType": "Tu3", "soilRawDensity": 1500, "airCapacity": 7, "fieldCapacity": 36, "nFieldCapacity": 12},
  {"soilType": "Tu3", "soilRawDensity": 1700, "airCapacity": 3, "fieldCapacity": 33, "nFieldCapacity": 10},
  {"soilType": "Tu4", "soilRawDensity": 1100, "airCapacity": 18, "fieldCapacity": 40, "nFieldCapacity": 18},
  {"soilType": "Tu4", "soilRawDensity": 1300, "airCapacity": 13, "fieldCapacity": 37, "nFieldCapacity": 15},
  {"soilType": "Tu4", "soilRawDensity": 1500, "airCapacity": 9, "fieldCapacity": 33, "nFieldCapacity": 13},
  {"soilType": "Tu4", "soilRawDensity": 1700, "airCapacity": 4, "fieldCapacity": 31, "nFieldCapacity": 11},
  {"soilType": "Uls", "soilRawDensity": 1100, "airCapacity": 27, "fieldCapacity": 31, "nFieldCapacity": 20},
  {"soilType": "Uls", "soilRawDensity": 1300, "airCapacity": 21, "fieldCapacity": 30, "nFieldCapacity": 19},
  {"soilType": "Uls", "soilRawDensity": 1500, "airCapacity": 14, "fieldCapacity": 29, "nFieldCapacity": 18},
  {"soilType": "Uls", "soilRawDensity": 1700, "airCapacity": 9, "fieldCapacity": 27, "nFieldCapacity": 16},
  {"soilType": "Us", "soilRawDensity": 1100, "airCapacity": 26, "fieldCapacity": 32, "nFieldCapacity": 22},
  {"soilType": "Us", "soilRawDensity": 1300, "airCapacity": 20, "fieldCapacity": 31, "nFieldCapacity": 21},
  {"soilType": "Us", "soilRawDensity": 1500, "airCapacity": 14, "fieldCapacity": 29, "nFieldCapacity": 19},
  {"soilType": "Us", "soilRawDensity": 1700, "airCapacity": 9, "fieldCapacity": 27, "nFieldCapacity": 17},
  {"soilType": "Ut2", "soilRawDensity": 1100, "airCapacity": 26, "fieldCapacity": 32, "nFieldCapacity": 21},
  {"soilType": "Ut2", "soilRawDensity": 1300, "airCapacity": 20, "fieldCapacity": 31, "nFieldCapacity": 20},
  {"soilType": "Ut2", "soilRawDensity": 1500, "airCapacity": 14, "fieldCapacity": 29, "nFieldCapacity": 18},
  {"soilType": "Ut2", "soilRawDensity": 1700, "airCapacity": 8, "fieldCapacity": 28, "nFieldCapacity": 17},
  {"soilType": "Ut3", "soilRawDensity": 1100, "airCapacity": 24, "fieldCapacity": 34, "nFieldCapacity": 20},
  {"soilType": "Ut3", "soilRawDensity": 1300, "airCapacity": 19, "fieldCapacity": 33, "nFieldCapacity": 19},
  {"soilType": "Ut3", "soilRawDensity": 1500, "airCapacity": 12, "fieldCapacity": 31, "nFieldCapacity": 17},
  {"soilType": "Ut3", "soilRawDensity": 1700, "airCapacity": 6, "fieldCapacity": 30, "nFieldCapacity": 16},
  {"soilType": "Ut4", "soilRawDensity": 1100, "airCapacity": 23, "fieldCapacity": 35, "nFieldCapacity": 18},
  {"soilType": "Ut4", "soilRawDensity": 1300, "airCapacity": 17, "fieldCapacity": 34, "nFieldCapacity": 17},
  {"soilType": "Ut4", "soilRawDensity": 1500, "airCapacity": 12, "fieldCapacity": 33, "nFieldCapacity": 16},
  {"soilType": "Ut4", "soilRawDensity": 1700, "airCapacity": 4, "fieldCapacity": 31, "nFieldCapacity": 14},
  {"soilType": "Uu", "soilRawDensity": 1100, "airCapacity": 22, "fieldCapacity": 36, "nFieldCapacity": 25},
  {"soilType": "Uu", "soilRawDensity": 1300, "airCapacity": 17, "fieldCapacity": 34, "nFieldCapacity": 23},
  {"soilType": "Uu", "soilRawDensity": 1500, "airCapacity": 11, "fieldCapacity": 32, "nFieldCapacity": 21},
  {"soilType": "Uu", "soilRawDensity": 1700, "airCapacity": 6, "fieldCapacity": 30, "nFieldCapacity": 19},
  {"soilType": "fS", "soilRawDensity": 1300, "airCapacity": 35, "fieldCapacity": 15, "nFieldCapacity": 11},
  {"soilType": "fS", "soilRawDensity": 1500, "airCapacity": 28, "fieldCapacity": 15, "nFieldCapacity": 11},
  {"soilType": "fS", "soilRawDensity": 1700, "airCapacity": 21, "fieldCapacity": 15, "nFieldCapacity": 11},
  {"soilType": "fSgs", "soilRawDensity": 1300, "airCapacity": 35, "fieldCapacity": 15, "nFieldCapacity": 11},
  {"soilType": "fSgs", "soilRawDensity": 1500, "airCapacity": 28, "fieldCapacity": 15, "nFieldCapacity": 11},
  {"soilType": "fSgs", "soilRawDensity": 1700, "airCapacity": 21, "fieldCapacity": 15, "nFieldCapacity": 11},
  {"soilType": "fSms", "soilRawDensity": 1300, "airCapacity": 35, "fieldCapacity": 15, "nFieldCapacity": 11},
  {"soilType": "fSms", "soilRawDensity": 1500, "airCapacity": 28, "fieldCapacity": 15, "nFieldCapacity": 11},
  {"soilType": "fSms", "soilRawDensity": 1700, "airCapacity": 21, "fieldCapacity": 15, "nFieldCapacity": 11},
  {"soilType": "gS", "soilRawDensity": 1300, "airCapacity": 43, "fieldCapacity": 8, "nFieldCapacity": 5},
  {"soilType": "gS", "soilRawDensity": 1500, "airCapacity": 35, "fieldCapacity": 8, "nFieldCapacity": 5},
  {"soilType": "gS", "soilRawDensity": 1700, "airCapacity": 28, "fieldCapacity": 8, "nFieldCapacity": 5},
  {"soilType": "mS", "soilRawDensity": 1300, "airCapacity": 38, "fieldCapacity": 12, "nFieldCapacity": 9},
  {"soilType": "mS", "soilRawDensity": 1500, "airCapacity": 31, "fieldCapacity": 12, "nFieldCapacity": 9},
  {"soilType": "mS", "soilRawDensity": 1700, "airCapacity": 24, "fieldCapacity": 12, "nFieldCapacity": 9},
  {"soilType": "mSfs", "soilRawDensity": 1300, "airCapacity": 38, "fieldCapacity": 12, "nFieldCapacity": 9},
  {"soilType": "mSfs", "soilRawDensity": 1500, "airCapacity": 31, "fieldCapacity": 12, "nFieldCapacity": 9},
  {"soilType": "mSfs", "soilRawDensity": 1700, "airCapacity": 24, "fieldCapacity": 12, "nFieldCapacity": 9},
  {"soilType": "mSgs", "soilRawDensity": 1300, "airCapacity": 38, "fieldCapacity": 12, "nFieldCapacity": 9},
  {"soilType": "mSgs", "soilRawDensity": 1500, "airCapacity": 24, "fieldCapacity": 12, "nFieldCapacity": 9},
  {"soilType": "mSgs", "soilRawDensity": 1700, "airCapacity": 31, "fieldCapacity": 12, "nFieldCapacity": 9} ]}