{"list": [
  {"soilType": "Ls2", "organicMatter": 1.5, "airCapacity": 0, "fieldCapacity": 2, "nFieldCapacity": 1},
  {"soilType": "Ls2", "organicMatter": 3, "airCapacity": 0, "fieldCapacity": 4, "nFieldCapacity": 3},
  {"soilType": "Ls2", "organicMatter": 6, "airCapacity": 1, "fieldCapacity": 7, "nFieldCapacity": 5},
  {"soilType": "Ls2", "organicMatter": 11.5, "airCapacity": 2, "fieldCapacity": 13, "nFieldCapacity": 9},
  {"soilType": "Ls3", "organicMatter": 1.5, "airCapacity": 0, "fieldCapacity": 2, "nFieldCapacity": 2},
  {"soilType": "Ls3", "organicMatter": 3, "airCapacity": 0, "fieldCapacity": 4, "nFieldCapacity": 4},
  {"soilType": "Ls3", "organicMatter": 6, "airCapacity": 1, "fieldCapacity": 7, "nFieldCapacity": 6},
  {"soilType": "Ls3", "organicMatter": 11.5, "airCapacity": 2, "fieldCapacity": 13, "nFieldCapacity": 9},
  {"soilType": "Ls4", "organicMatter": 1.5, "airCapacity": 0, "fieldCapacity": 3, "nFieldCapacity": 2},
  {"soilType": "Ls4", "organicMatter": 3, "airCapacity": 0, "fieldCapacity": 5, "nFieldCapacity": 4},
  {"soilType": "Ls4", "organicMatter": 6, "airCapacity": 1, "fieldCapacity": 8, "nFieldCapacity": 7},
  {"soilType": "Ls4", "organicMatter": 11.5, "airCapacity": 2, "fieldCapacity": 13, "nFieldCapacity": 10},
  {"soilType": "Lt2", "organicMatter": 1.5, "airCapacity": 0, "fieldCapacity": 2, "nFieldCapacity": 1},
  {"soilType": "Lt2", "organicMatter": 3, "airCapacity": 1, "fieldCapacity": 4, "nFieldCapacity": 3},
  {"soilType": "Lt2", "organicMatter": 6, "airCapacity": 2, "fieldCapacity": 6, "nFieldCapacity": 4},
  {"soilType": "Lt2", "organicMatter": 11.5, "airCapacity": 3, "fieldCapacity": 10, "nFieldCapacity": 7},
  {"soilType": "Lt3", "organicMatter": 1.5, "airCapacity": 1, "fieldCapacity": 2, "nFieldCapacity": 1},
  {"soilType": "Lt3", "organicMatter": 3, "airCapacity": 2, "fieldCapacity": 3, "nFieldCapacity": 2},
  {"soilType": "Lt3", "organicMatter": 6, "airCapacity": 3, "fieldCapacity": 5, "nFieldCapacity": 3},
  {"soilType": "Lt3", "organicMatter": 11.5, "airCapacity": 4, "fieldCapacity": 10, "nFieldCapacity": 6},
  {"soilType": "Lts", "organicMatter": 1.5, "airCapacity": 1, "fieldCapacity": 2, "nFieldCapacity": 1},
  {"soilType": "Lts", "organicMatter": 3, "airCapacity": 2, "fieldCapacity": 3, "nFieldCapacity": 2},
  {"soilType": "Lts", "organicMatter": 6, "airCapacity": 3, "fieldCapacity": 6, "nFieldCapacity": 4},
  {"soilType": "Lts", "organicMatter": 11.5, "airCapacity": 4, "fieldCapacity": 10, "nFieldCapacity": 7},
  {"soilType": "Lu", "organicMatter": 1.5, "airCapacity": 1, "fieldCapacity": 2, "nFieldCapacity": 1},
  {"soilType": "Lu", "organicMatter": 3, "airCapacity": 2, "fieldCapacity": 4, "nFieldCapacity": 2},
  {"soilType": "Lu", "organicMatter": 6, "airCapacity": 3, "fieldCapacity": 7, "nFieldCapacity": 5},
  {"soilType": "Lu", "organicMatter": 11.5, "airCapacity": 4, "fieldCapacity": 12, "nFieldCapacity": 8},
  {"soilType": "Sl2", "organicMatter": 1.5, "airCapacity": 0, "fieldCapacity": 2, "nFieldCapacity": 1},
  {"soilType": "Sl2", "organicMatter": 3, "airCapacity": -1, "fieldCapacity": 5, "nFieldCapacity": 3},
  {"soilType": "Sl2", "organicMatter": 6, "airCapacity": -2, "fieldCapacity": 8, "nFieldCapacity": 5},
  {"soilType": "Sl2", "organicMatter": 11.5, "airCapacity": -3, "fieldCapacity": 16, "nFieldCapacity": 10},
  {"soilType": "Sl3", "organicMatter": 1.5, "airCapacity": 0, "fieldCapacity": 2, "nFieldCapacity": 1},
  {"soilType": "Sl3", "organicMatter": 3, "airCapacity": -1, "fieldCapacity": 4, "nFieldCapacity": 3},
  {"soilType": "Sl3", "organicMatter": 6, "airCapacity": -2, "fieldCapacity": 8, "nFieldCapacity": 5},
  {"soilType": "Sl3", "organicMatter": 11.5, "airCapacity": -3, "fieldCapacity": 15, "nFieldCapacity": 10},
  {"soilType": "Sl4", "organicMatter": 1.5, "airCapacity": 0, "fieldCapacity": 2, "nFieldCapacity": 1},
  {"soilType": "Sl4", "organicMatter": 3, "airCapacity": -1, "fieldCapacity": 4, "nFieldCapacity": 3},
  {"soilType": "Sl4", "organicMatter": 6, "airCapacity": -2, "fieldCapacity": 8, "nFieldCapacity": 5},
  {"soilType": "Sl4", "organicMatter": 11.5, "airCapacity": -3, "fieldCapacity": 14, "nFieldCapacity": 10},
  {"soilType": "Slu", "organicMatter": 1.5, "airCapacity": 0, "fieldCapacity": 2, "nFieldCapacity": 1},
  {"soilType": "Slu", "organicMatter": 3, "airCapacity": -1, "fieldCapacity": 4, "nFieldCapacity": 3},
  {"soilType": "Slu", "organicMatter": 6, "airCapacity": -2, "fieldCapacity": 8, "nFieldCapacity": 5},
  {"soilType": "Slu", "organicMatter": 11.5, "airCapacity": -3, "fieldCapacity": 4, "nFieldCapacity": 10},
  {"soilType": "Ss", "organicMatter": 1.5, "airCapacity": 0, "fieldCapacity": 4, "nFieldCapacity": 2},
  {"soilType": "Ss", "organicMatter": 3, "airCapacity": -1, "fieldCapacity": 8, "nFieldCapacity": 4},
  {"soilType": "Ss", "organicMatter": 6, "airCapacity": -3, "fieldCapacity": 12, "nFieldCapacity": 7},
  {"soilType": "Ss", "organicMatter": 11.5, "airCapacity": -5, "fieldCapacity": 21, "nFieldCapacity": 13},
  {"soilType": "St2", "organicMatter": 1.5, "airCapacity": 0, "fieldCapacity": 3, "nFieldCapacity": 2},
  {"soilType": "St2", "organicMatter": 3, "airCapacity": 0, "fieldCapacity": 6, "nFieldCapacity": 4},
  {"soilType": "St2", "organicMatter": 6, "airCapacity": -1, "fieldCapacity": 9, "nFieldCapacity": 5},
  {"soilType": "St2", "organicMatter": 11.5, "airCapacity": -2, "fieldCapacity": 15, "nFieldCapacity": 7},
  {"soilType": "St3", "organicMatter": 1.5, "airCapacity": 0, "fieldCapacity": 3, "nFieldCapacity": 2},
  {"soilType": "St3", "organicMatter": 3, "airCapacity": 0, "fieldCapacity": 6, "nFieldCapacity": 4},
  {"soilType": "St3", "organicMatter": 6, "airCapacity": 0, "fieldCapacity": 8, "nFieldCapacity": 6},
  {"soilType": "St3", "organicMatter": 11.5, "airCapacity": 1, "fieldCapacity": 14, "nFieldCapacity": 8},
  {"soilType": "Su2", "organicMatter": 1.5, "airCapacity": 0, "fieldCapacity": 3, "nFieldCapacity": 2},
  {"soilType": "Su2", "organicMatter": 3, "airCapacity": -1, "fieldCapacity": 6, "nFieldCapacity": 4},
  {"soilType": "Su2", "organicMatter": 6, "airCapacity": -2, "fieldCapacity": 10, "nFieldCapacity": 7},
  {"soilType": "Su2", "organicMatter": 11.5, "airCapacity": -3, "fieldCapacity": 16, "nFieldCapacity": 10},
  {"soilType": "Su3", "organicMatter": 1.5, "airCapacity": 0, "fieldCapacity": 3, "nFieldCapacity": 2},
  {"soilType": "Su3", "organicMatter": 3, "airCapacity": -1, "fieldCapacity": 6, "nFieldCapacity": 4},
  {"soilType": "Su3", "organicMatter": 6, "airCapacity": -2, "fieldCapacity": 10, "nFieldCapacity": 6},
  {"soilType": "Su3", "organicMatter": 11.5, "airCapacity": -3, "fieldCapacity": 15, "nFieldCapacity": 9},
  {"soilType": "Su4", "organicMatter": 1.5, "airCapacity": 0, "fieldCapacity": 3, "nFieldCapacity": 2},
  {"soilType": "Su4", "organicMatter": 3, "airCapacity": 0, "fieldCapacity": 6, "nFieldCapacity": 4},
  {"soilType": "Su4", "organicMatter": 6, "airCapacity": -1, "fieldCapacity": 9, "nFieldCapacity": 6},
  {"soilType": "Su4", "organicMatter": 11.5, "airCapacity": -2, "fieldCapacity": 14, "nFieldCapacity": 9},
  {"soilType": "Tl", "organicMatter": 1.5, "airCapacity": 2, "fieldCapacity": 1, "nFieldCapacity": 1},
  {"soilType": "Tl", "organicMatter": 3, "airCapacity": 3, "fieldCapacity": 2, "nFieldCapacity": 2},
  {"soilType": "Tl", "organicMatter": 6, "airCapacity": 4, "fieldCapacity": 4, "nFieldCapacity": 3},
  {"soilType": "Tl", "organicMatter": 11.5, "airCapacity": 5, "fieldCapacity": 7, "nFieldCapacity": 5},
  {"soilType": "Ts2", "organicMatter": 1.5, "airCapacity": 1, "fieldCapacity": 3, "nFieldCapacity": 2},
  {"soilType": "Ts2", "organicMatter": 3, "airCapacity": 2, "fieldCapacity": 5, "nFieldCapacity": 4},
  {"soilType": "Ts2", "organicMatter": 6, "airCapacity": 3, "fieldCapacity": 8, "nFieldCapacity": 6},
  {"soilType": "Ts2", "organicMatter": 11.5, "airCapacity": 5, "fieldCapacity": 12, "nFieldCapacity": 8},
  {"soilType": "Ts3", "organicMatter": 1.5, "airCapacity": 0, "fieldCapacity": 3, "nFieldCapacity": 2},
  {"soilType": "Ts3", "organicMatter": 3, "airCapacity": 1, "fieldCapacity": 5, "nFieldCapacity": 4},
  {"soilType": "Ts3", "organicMatter": 6, "airCapacity": 2, "fieldCapacity": 8, "nFieldCapacity": 6},
  {"soilType": "Ts3", "organicMatter": 11.5, "airCapacity": 5, "fieldCapacity": 12, "nFieldCapacity": 9},
  {"soilType": "Ts4", "organicMatter": 1.5, "airCapacity": 0, "fieldCapacity": 3, "nFieldCapacity": 2},
  {"soilType": "Ts4", "organicMatter": 3, "airCapacity": 1, "fieldCapacity": 5, "nFieldCapacity": 4},
  {"soilType": "Ts4", "organicMatter": 6, "airCapacity": 2, "fieldCapacity": 8, "nFieldCapacity": 6},
  {"soilType": "Ts4", "organicMatter": 11.5, "airCapacity": 4, "fieldCapacity": 12, "nFieldCapacity": 9},
  {"soilType": "Tt", "organicMatter": 1.5, "airCapacity": 3, "fieldCapacity": 1, "nFieldCapacity": 1},
  {"soilType": "Tt", "organicMatter": 3, "airCapacity": 4, "fieldCapacity": 2, "nFieldCapacity": 2},
  {"soilType": "Tt", "organicMatter": 6, "airCapacity": 5, "fieldCapacity": 3, "nFieldCapacity": 3},
  {"soilType": "Tt", "organicMatter": 11.5, "airCapacity": 7, "fieldCapacity": 6, "nFieldCapacity": 5},
  {"soilType": "Tu2", "organicMatter": 1.5, "airCapacity": 2, "fieldCapacity": 1, "nFieldCapacity": 1},
  {"soilType": "Tu2", "organicMatter": 3, "airCapacity": 3, "fieldCapacity": 2, "nFieldCapacity": 2},
  {"soilType": "Tu2", "organicMatter": 6, "airCapacity": 4, "fieldCapacity": 4, "nFieldCapacity": 3},
  {"soilType": "Tu2", "organicMatter": 11.5, "airCapacity": 5, "fieldCapacity": 7, "nFieldCapacity": 5},
  {"soilType": "Tu3", "organicMatter": 1.5, "airCapacity": 1, "fieldCapacity": 2, "nFieldCapacity": 1},
  {"soilType": "Tu3", "organicMatter": 3, "airCapacity": 2, "fieldCapacity": 3, "nFieldCapacity": 2},
  {"soilType": "Tu3", "organicMatter": 6, "airCapacity": 3, "fieldCapacity": 5, "nFieldCapacity": 4},
  {"soilType": "Tu3", "organicMatter": 11.5, "airCapacity": 5, "fieldCapacity": 8, "nFieldCapacity": 6},
  {"soilType": "Tu4", "organicMatter": 1.5, "airCapacity": 1, "fieldCapacity": 2, "nFieldCapacity": 1},
  {"soilType": "Tu4", "organicMatter": 3, "airCapacity": 2, "fieldCapacity": 4, "nFieldCapacity": 2},
  {"soilType": "Tu4", "organicMatter": 6, "airCapacity": 3, "fieldCapacity": 6, "nFieldCapacity": 4},
  {"soilType": "Tu4", "organicMatter": 11.5, "airCapacity": 5, "fieldCapacity": 9, "nFieldCapacity": 7},
  {"soilType": "Uls", "organicMatter": 1.5, "airCapacity": 0, "fieldCapacity": 2, "nFieldCapacity": 1},
  {"soilType": "Uls", "organicMatter": 3, "airCapacity": 1, "fieldCapacity": 4, "nFieldCapacity": 3},
  {"soilType": "Uls", "organicMatter": 6, "airCapacity": 2, "fieldCapacity": 7, "nFieldCapacity": 5},
  {"soilType": "Uls", "organicMatter": 11.5, "airCapacity": 3, "fieldCapacity": 12, "nFieldCapacity": 8},
  {"soilType": "Us", "organicMatter": 1.5, "airCapacity": 0, "fieldCapacity": 2, "nFieldCapacity": 1},
  {"soilType": "Us", "organicMatter": 3, "airCapacity": 0, "fieldCapacity": 4, "nFieldCapacity": 3},
  {"soilType": "Us", "organicMatter": 6, "airCapacity": 1, "fieldCapacity": 7, "nFieldCapacity": 5},
  {"soilType": "Us", "organicMatter": 11.5, "airCapacity": 2, "fieldCapacity": 12, "nFieldCapacity": 8},
  {"soilType": "Ut2", "organicMatter": 1.5, "airCapacity": 0, "fieldCapacity": 2, "nFieldCapacity": 1},
  {"soilType": "Ut2", "organicMatter": 3, "airCapacity": 1, "fieldCapacity": 5, "nFieldCapacity": 3},
  {"soilType": "Ut2", "organicMatter": 6, "airCapacity": 2, "fieldCapacity": 9, "nFieldCapacity": 6},
  {"soilType": "Ut2", "organicMatter": 11.5, "airCapacity": 3, "fieldCapacity": 13, "nFieldCapacity": 8},
  {"soilType": "Ut3", "organicMatter": 1.5, "airCapacity": 0, "fieldCapacity": 2, "nFieldCapacity": 1},
  {"soilType": "Ut3", "organicMatter": 3, "airCapacity": 1, "fieldCapacity": 5, "nFieldCapacity": 3},
  {"soilType": "Ut3", "organicMatter": 6, "airCapacity": 2, "fieldCapacity": 9, "nFieldCapacity": 6},
  {"soilType": "Ut3", "organicMatter": 11.5, "airCapacity": 3, "fieldCapacity": 13, "nFieldCapacity": 8},
  {"soilType": "Ut4", "organicMatter": 1.5, "airCapacity": 1, "fieldCapacity": 2, "nFieldCapacity": 1},
  {"soilType": "Ut4", "organicMatter": 3, "airCapacity": 2, "fieldCapacity": 5, "nFieldCapacity": 3},
  {"soilType": "Ut4", "organicMatter": 6, "airCapacity": 3, "fieldCapacity": 9, "nFieldCapacity": 6},
  {"soilType": "Ut4", "organicMatter": 11.5, "airCapacity": 4, "fieldCapacity": 13, "nFieldCapacity": 8},
  {"soilType": "Uu", "organicMatter": 1.5, "airCapacity": 0, "fieldCapacity": 2, "nFieldCapacity": 1},
  {"soilType": "Uu", "organicMatter": 3, "airCapacity": 0, "fieldCapacity": 4, "nFieldCapacity": 2},
  {"soilType": "Uu", "organicMatter": 6, "airCapacity": 1, "fieldCapacity": 7, "nFieldCapacity": 4},
  {"soilType": "Uu", "organicMatter": 11.5, "airCapacity": 2, "fieldCapacity": 12, "nFieldCapacity": 7} ]}
